player_name,season,school_name,conf_abbr,g,gs,mp,per,ts_pct,efg_pct,fg3a_per_fga_pct,fta_per_fga_pct,pprod,orb_pct,drb_pct,trb_pct,ast_pct,stl_pct,blk_pct,tov_pct,usg_pct,ows,dws,ws,ws_per_40,obpm,dbpm,bpm,years,year,position,body_fat_pct,hand_length,hand_width,height_wo_shoes,height_w_shoes,standing_reach,weight,wingspan,"('Alex Len', 'weight')","('Markelle Fultz', 'weight')"
Anthony Davis,2011-12,Kentucky,SEC,40,40,1281,35.1,0.654,0.628,0.059,0.602,550.0,11.6,25.6,19.0,7.5,2.5,13.7,8.6,18.8,5.9,4.1,9.9,0.31,9.1,8.1,17.2,1,2012-13,PF,7.90,229,216,2064,2096,2743,221.8,2273,0,0
Michael Kidd-Gilchrist,2011-12,Kentucky,SEC,40,39,1245,21.2,0.57,0.511,0.156,0.589,497.0,10.3,17.3,14.0,10.8,1.9,2.8,17.3,20.6,3.4,2.6,6.0,0.192,4.1,3.6,7.7,1,2012-13,SF,7.00,229,260,1975,2019,2654,232.8,2134,0,0
Bradley Beal,2011-12,Florida,SEC,37,37,1267,22.0,0.575,0.525,0.473,0.44,522.0,4.8,20.3,12.3,12.7,2.5,2.6,14.3,23.0,3.6,2.1,5.7,0.18,5.4,2.9,8.4,1,2012-13,SG,6.00,216,229,1911,1949,2540,201.8,2032,0,0
Dion Waiters,2011-12,Syracuse,Big East,37,0,891,26.3,0.565,0.534,0.317,0.331,430.0,2.4,8.8,5.6,21.2,4.6,1.5,10.4,26.7,3.2,1.7,5.0,0.223,6.0,4.8,10.8,2,2012-13,SG,8.50,216,241,1892,1930,2489,221.0,2013,0,0
Thomas Robinson,2011-12,Kansas,Big 12,39,39,1242,27.4,0.549,0.512,0.027,0.462,660.0,11.1,33.0,22.2,13.1,2.0,2.9,14.2,30.0,3.7,3.5,7.2,0.231,5.4,3.4,8.8,3,2012-13,PF,5.00,248,267,2026,2051,2692,244.2,2216,0,0
Damian Lillard,2011-12,Weber State,Big Sky,32,32,1105,34.0,0.635,0.562,0.465,0.519,746.0,1.9,15.8,9.0,27.1,2.5,0.7,10.7,33.0,6.7,1.4,8.0,0.291,9.1,0.7,9.8,4,2012-13,PG,5.90,222,248,1873,1899,2426,188.8,2026,0,0
Harrison Barnes,2011-12,UNC,ACC,38,37,1111,21.2,0.528,0.487,0.263,0.374,571.0,6.9,11.9,9.4,7.2,2.0,1.1,10.8,28.1,3.1,1.9,5.0,0.181,4.5,2.3,6.8,2,2012-13,SF,9.60,229,216,2007,2032,2578,227.8,2115,0,0
Terrence Ross,2011-12,Washington,Pac-12,35,35,1088,22.3,0.558,0.534,0.413,0.2,504.0,4.7,19.2,11.6,9.2,2.3,3.0,12.0,25.3,3.0,1.8,4.9,0.178,5.1,2.8,7.9,2,2012-13,SG,3.20,222,260,1981,2007,2553,196.6,2013,0,0
Andre Drummond,2011-12,UConn,Big East,34,30,967,21.9,0.509,0.538,0.007,0.301,328.0,14.2,17.0,15.6,3.4,1.8,9.9,13.5,20.9,1.4,1.5,2.9,0.121,2.0,2.9,4.9,1,2012-13,C,7.50,241,241,2076,2127,2781,278.6,2292,0,0
Austin Rivers,2011-12,Duke,ACC,34,33,1129,16.9,0.538,0.505,0.396,0.458,488.0,2.2,10.0,6.0,13.0,1.7,0.1,13.9,25.2,2.4,1.0,3.5,0.124,3.2,0.8,4.0,1,2012-13,SG,6.20,216,254,1918,1956,2451,202.8,2013,0,0
Meyers Leonard,2011-12,Illinois,Big Ten,32,29,1018,24.1,0.618,0.586,0.038,0.436,409.0,9.1,25.9,17.1,9.9,0.9,6.9,16.2,22.0,2.9,1.8,4.6,0.182,3.6,3.6,7.2,2,2012-13,C,5.70,235,279,2127,2165,2743,249.8,2210,0,0
Jeremy Lamb,2011-12,UConn,Big East,34,34,1266,22.1,0.589,0.556,0.465,0.267,524.0,3.0,12.2,7.7,10.1,2.1,1.7,11.7,23.9,3.9,1.3,5.2,0.165,5.7,2.0,7.8,2,2012-13,SG,4.50,222,235,1930,1962,2591,179.2,2108,0,0
Kendall Marshall,2011-12,UNC,ACC,36,35,1189,17.2,0.558,0.529,0.351,0.351,420.0,0.5,7.9,4.2,45.1,2.0,0.5,27.8,13.9,2.6,1.8,4.4,0.147,3.8,2.8,6.6,2,2012-13,PG,7.80,216,229,1911,1937,2438,198.4,1968,0,0
John Henson,2011-12,UNC,ACC,35,34,1019,24.7,0.505,0.5,0.0,0.329,439.0,9.0,27.1,17.9,8.0,1.1,9.6,8.7,23.1,2.3,2.7,5.0,0.195,4.0,5.0,9.0,3,2012-13,PF,8.60,235,254,2057,2096,2845,216.0,2261,0,0
Maurice Harkless,2011-12,St. John's (NY),Big East,32,32,1155,21.1,0.504,0.472,0.185,0.326,476.0,8.4,20.3,14.0,9.6,2.6,4.2,14.0,24.9,1.8,1.3,3.2,0.109,3.0,1.0,4.0,1,2012-13,SF,5.30,235,260,2013,2051,2604,206.6,2134,0,0
Royce White,2011-12,Iowa State,Big 12,34,33,1072,22.8,0.536,0.54,0.037,0.625,528.0,9.4,26.2,17.7,34.5,2.2,3.0,23.4,26.5,2.1,2.0,4.1,0.152,4.3,3.8,8.2,1,2012-13,PF,10.60,241,292,2007,2032,2654,260.6,2134,0,0
Tyler Zeller,2011-12,UNC,ACC,38,38,1070,29.9,0.616,0.553,0.0,0.563,580.0,14.1,21.9,17.9,6.3,1.7,5.3,12.6,24.5,4.6,2.5,7.1,0.265,6.8,3.9,10.7,4,2012-13,PF,6.40,229,248,2115,2146,2654,247.4,2134,0,0
Terrence Jones,2011-12,Kentucky,SEC,38,34,1115,24.3,0.547,0.523,0.138,0.446,465.0,10.7,17.5,14.3,8.7,2.7,5.8,12.6,22.4,3.1,2.7,5.8,0.209,5.2,4.9,10.2,2,2012-13,PF,7.70,229,254,2038,2070,2718,252.0,2191,0,0
Andrew Nicholson,2011-12,St. Bonaventure,A-10,32,32,962,31.6,0.638,0.601,0.138,0.429,515.0,11.1,25.1,18.1,9.4,1.3,7.3,14.7,29.5,4.0,1.7,5.8,0.24,7.2,2.1,9.4,4,2012-13,PF,7.60,254,273,2045,2070,2718,234.0,2235,0,0
Jared Sullinger,2011-12,Ohio State,Big Ten,37,36,1123,30.2,0.591,0.538,0.091,0.519,610.0,12.4,25.8,18.9,8.6,2.3,4.0,11.5,27.9,4.8,3.0,7.9,0.28,7.5,4.1,11.7,2,2012-13,PF,10.70,235,248,2026,2057,2680,268.2,2165,0,0
Fab Melo,2011-12,Syracuse,Big East,30,30,763,20.7,0.581,0.566,0.0,0.347,237.0,12.3,14.6,13.5,5.0,1.2,13.0,17.6,16.5,1.5,1.5,3.0,0.156,1.0,4.3,5.3,2,2012-13,C,9.20,229,254,2102,2134,2794,255.0,2197,0,0
John Jenkins,2011-12,Vanderbilt,SEC,35,35,1177,26.0,0.656,0.62,0.666,0.334,579.0,1.7,9.1,5.4,8.4,1.5,1.0,9.4,26.2,5.4,1.1,6.5,0.223,10.3,1.5,11.8,3,2012-13,SG,7.10,229,229,1911,1937,2489,212.0,2045,0,0
Jared Cunningham,2011-12,Oregon State,Pac-12,36,35,1245,22.1,0.568,0.507,0.336,0.614,609.0,3.4,10.4,6.8,15.7,4.1,1.2,15.2,26.0,3.4,1.6,5.0,0.162,3.4,1.6,5.0,3,2012-13,SG,3.60,210,229,1918,1956,2489,187.6,1994,0,0
Tony Wroten,2011-12,Washington,Pac-12,35,27,1062,20.4,0.488,0.453,0.125,0.591,579.0,8.0,10.7,9.3,24.5,3.5,1.2,18.7,31.2,1.6,1.6,3.2,0.12,2.5,2.2,4.7,1,2012-13,PG,5.20,203,229,1949,1981,2565,203.2,2057,0,0
Miles Plumlee,2011-12,Duke,ACC,34,16,697,21.8,0.621,0.61,0.0,0.521,247.0,16.6,24.6,20.6,5.1,1.5,4.2,18.7,16.1,1.9,1.2,3.1,0.177,4.1,2.1,6.2,4,2012-13,PF,11.40,235,229,2096,2127,2680,252.4,2153,0,0
Arnett Moultrie,2011-12,Mississippi State,SEC,30,30,1073,25.2,0.61,0.561,0.055,0.485,479.0,12.2,23.5,17.7,7.0,1.4,2.1,15.3,23.3,3.6,1.4,5.0,0.186,4.8,0.4,5.2,1,2012-13,PF,7.70,235,235,2070,2102,2705,232.8,2191,0,0
Perry Jones,2011-12,Baylor,Big 12,33,33,1013,21.2,0.539,0.514,0.091,0.28,421.0,11.0,19.8,15.4,8.7,1.6,2.1,12.0,23.3,2.7,1.6,4.2,0.167,3.7,1.5,5.2,2,2012-13,PF,4.60,235,241,2089,2115,2718,233.8,2178,0,0
Marquis Teague,2011-12,Kentucky,SEC,40,40,1303,13.2,0.491,0.449,0.227,0.338,457.0,1.6,7.1,4.5,25.6,1.7,0.8,21.1,20.2,1.7,1.8,3.5,0.108,0.8,1.4,2.3,1,2012-13,PG,6.30,210,197,1854,1880,2451,179.8,2013,0,0
Festus Ezeli,2011-12,Vanderbilt,SEC,26,22,603,21.0,0.567,0.539,0.0,0.842,254.0,13.0,19.2,16.1,2.9,1.1,9.0,20.1,25.2,1.1,1.0,2.1,0.14,0.4,3.3,3.7,4,2012-13,C,5.50,229,273,2076,2121,2743,264.2,2280,0,0
Jeff Taylor,2011-12,Vanderbilt,SEC,36,36,1157,23.7,0.58,0.57,0.366,0.369,546.0,8.4,13.3,10.9,12.6,2.4,1.4,13.6,26.4,3.6,1.6,5.2,0.18,6.2,1.8,8.0,4,2012-13,SF,4.20,210,248,1981,2013,2578,212.8,1988,0,0
Bernard James,2011-12,Florida State,ACC,35,35,979,23.3,0.602,0.606,0.0,0.448,359.0,13.6,21.4,17.6,3.6,1.6,9.5,18.9,20.0,2.0,2.3,4.3,0.176,3.6,4.0,7.6,2,2012-13,PF,5.00,229,235,2051,2083,2756,229.8,2210,0,0
Jae Crowder,2011-12,Marquette,Big East,35,35,1153,28.8,0.598,0.568,0.406,0.372,551.0,7.0,22.6,14.7,13.5,4.3,3.1,7.9,23.4,4.5,3.1,7.6,0.263,8.4,5.4,13.8,2,2012-13,SF,9.00,241,267,1949,1994,2527,241.2,2064,0,0
Draymond Green,2011-12,Michigan State,Big Ten,37,36,1229,26.1,0.542,0.504,0.284,0.367,610.0,8.2,30.7,19.8,24.2,2.7,3.3,16.8,28.2,3.5,3.6,7.1,0.23,6.5,5.6,12.1,4,2012-13,PF,11.30,229,241,1975,2019,2667,235.6,2165,0,0
Orlando Johnson,2011-12,UCSB,Big West,31,31,1067,26.0,0.56,0.527,0.357,0.397,569.0,5.8,13.8,9.9,19.0,2.0,2.4,12.2,30.5,4.0,1.2,5.2,0.194,6.5,-0.2,6.3,3,2012-13,SG,7.00,229,241,1924,1962,2515,223.8,2115,0,0
Quincy Acy,2011-12,Baylor,Big 12,38,38,1130,23.5,0.638,0.582,0.018,0.635,436.0,10.9,20.0,15.5,6.5,1.8,6.6,16.6,19.0,3.5,2.0,5.6,0.198,3.4,3.4,6.9,4,2012-13,PF,7.10,241,279,1994,2026,2705,223.8,2203,0,0
Quincy Miller,2011-12,Baylor,Big 12,37,35,903,19.4,0.541,0.485,0.223,0.369,377.0,7.5,17.5,12.5,11.6,1.7,2.9,15.4,23.9,2.1,1.3,3.5,0.153,3.4,1.9,5.3,1,2012-13,SF,7.80,235,260,2051,2083,2667,218.7,2165,0,0
Khris Middleton,2011-12,Texas A&M,Big 12,20,17,575,18.9,0.486,0.455,0.313,0.211,251.0,5.4,17.1,11.0,20.0,2.1,1.0,13.7,29.7,0.7,0.9,1.6,0.114,4.3,1.9,6.2,3,2012-13,SF,7.80,229,229,2000,2038,2616,216.2,2102,0,0
Will Barton,2011-12,Memphis,CUSA,35,34,1236,26.6,0.587,0.55,0.237,0.396,617.0,7.6,20.2,14.2,17.4,2.4,2.1,12.3,25.8,4.6,2.6,7.2,0.232,6.9,2.8,9.8,2,2012-13,SG,4.10,229,241,1956,1981,2604,174.4,2076,0,0
Tyshawn Taylor,2011-12,Kansas,Big 12,39,38,1303,19.8,0.569,0.538,0.321,0.42,635.0,0.7,7.5,4.2,29.7,2.4,0.5,19.5,27.5,3.1,2.1,5.2,0.159,5.0,2.2,7.2,4,2012-13,PG,4.20,222,222,1899,1930,2477,177.0,1988,0,0
Doron Lamb,2011-12,Kentucky,SEC,40,35,1249,19.2,0.624,0.577,0.442,0.404,482.0,1.5,8.2,5.1,8.8,0.9,0.2,9.1,19.7,4.6,1.6,6.2,0.197,5.3,1.9,7.3,2,2012-13,SG,6.70,216,222,1911,1949,2502,199.4,2000,0,0
Mike Scott,2011-12,Virginia,ACC,32,32,999,30.7,0.62,0.571,0.052,0.45,522.0,9.7,26.2,18.0,10.7,1.4,1.8,12.6,30.9,4.2,2.6,6.8,0.27,7.7,2.6,10.4,5,2012-13,PF,10.60,216,229,2013,2051,2642,240.8,2102,0,0
Kim English,2011-12,Missouri,Big 12,35,35,1175,20.6,0.658,0.64,0.518,0.366,446.0,3.4,13.0,8.3,8.6,2.3,0.9,13.3,20.0,3.7,1.3,5.0,0.171,5.8,1.3,7.1,4,2012-13,SG,4.30,216,222,1943,1975,2489,192.0,1994,0,0
Justin Hamilton,2011-12,LSU,SEC,33,32,990,22.7,0.553,0.498,0.038,0.428,408.0,11.8,17.2,14.2,7.0,1.5,4.7,12.9,22.6,2.6,1.7,4.3,0.172,3.8,2.1,5.9,1,,C,,0,0,0,0,0,nan,0,0,0
Darius Miller,2011-12,Kentucky,SEC,40,11,1043,18.1,0.593,0.566,0.493,0.228,384.0,4.3,7.9,6.2,14.4,1.9,1.2,14.8,19.2,2.9,1.6,4.5,0.173,4.5,3.1,7.5,4,2012-13,SF,7.50,216,222,1981,2019,2565,233.4,2057,0,0
Kevin Murphy,2011-12,Tennessee Tech,OVC,33,32,1139,20.8,0.549,0.518,0.353,0.32,608.0,3.3,16.7,9.8,16.3,1.4,0.7,14.8,32.3,2.7,0.9,3.7,0.128,2.8,-2.2,0.6,4,2012-13,SG,5.80,216,216,1956,1988,2515,194.0,2000,0,0
Kyle O'Quinn,2011-12,Norfolk State,MEAC,36,36,1125,28.6,0.616,0.581,0.089,0.626,548.0,12.0,27.9,19.8,10.9,1.3,9.2,17.0,24.9,3.7,2.5,6.2,0.219,3.2,1.8,5.0,4,2012-13,PF,8.00,241,254,2045,2083,2705,240.8,2254,0,0
Kris Joseph,2011-12,Syracuse,Big East,37,37,1192,19.7,0.534,0.486,0.379,0.403,462.0,5.5,11.6,8.6,8.7,2.6,2.2,10.6,22.5,3.0,2.0,5.0,0.168,4.4,2.2,6.6,4,2012-13,SG,8.60,229,229,1981,2007,2642,215.0,2108,0,0
Darius Johnson-Odom,2011-12,Marquette,Big East,34,33,1120,20.1,0.568,0.529,0.426,0.351,551.0,2.3,10.1,6.1,17.7,1.6,0.4,12.7,27.2,3.1,1.5,4.7,0.167,5.3,1.5,6.8,3,2012-13,SG,7.00,222,222,1867,1905,2438,212.0,2007,0,0
Robbie Hummel,2011-12,Purdue,Big Ten,35,35,1128,25.7,0.54,0.495,0.404,0.295,533.0,5.5,24.3,14.0,12.6,1.3,4.2,5.7,26.3,4.2,1.4,5.6,0.197,7.8,1.6,9.4,4,2012-13,SF,9.40,216,241,2013,2045,2591,218.0,2045,0,0
Marcus Denmon,2011-12,Missouri,Big 12,35,35,1212,25.6,0.621,0.574,0.559,0.308,561.0,3.9,15.1,9.6,11.5,2.7,0.1,7.6,23.6,5.2,1.5,6.7,0.221,8.7,1.3,10.0,4,2012-13,SG,6.60,210,248,1886,1911,2400,188.2,1956,0,0
Robert Sacre,2011-12,Gonzaga,WCC,33,33,868,22.3,0.595,0.511,0.009,0.86,370.0,9.9,20.2,15.1,5.7,0.8,5.8,15.7,22.9,2.6,1.6,4.2,0.194,2.4,2.2,4.6,5,,C,,0,0,0,0,0,nan,0,0,0
Anthony Bennett,2012-13,UNLV,MWC,35,31,950,28.3,0.609,0.58,0.253,0.467,488.0,10.3,24.0,17.1,8.8,1.5,4.6,12.3,27.5,3.5,2.2,5.7,0.238,6.1,2.5,8.6,1,,PF,,0,0,0,0,0,nan,0,0,0
Victor Oladipo,2012-13,Indiana,Big Ten,36,36,1021,28.9,0.671,0.648,0.224,0.428,478.0,11.8,15.1,13.5,15.2,4.6,2.8,18.5,22.2,4.2,2.6,6.7,0.264,8.9,6.2,15.1,3,2013-14,SG,6.55,222,235,1911,1937,2553,213.2,2064,0,0
Otto Porter,2012-13,Georgetown,Big East,31,30,1097,27.3,0.59,0.541,0.291,0.449,477.0,6.7,20.9,13.9,18.5,3.3,3.0,10.0,24.1,4.2,3.0,7.1,0.26,8.2,5.4,13.7,2,2013-14,SF,6.65,222,235,2019,2045,2680,197.6,2172,0,0
Cody Zeller,2012-13,Indiana,Big Ten,36,36,1062,29.8,0.624,0.564,0.006,0.734,567.0,12.3,20.4,16.6,9.5,2.1,4.4,14.5,26.5,4.8,2.5,7.3,0.274,7.2,3.8,11.1,2,2013-14,C,4.75,216,267,2102,2140,2692,230.0,2102,0,0
Alex Len,2012-13,Maryland,ACC,38,37,1004,24.5,0.57,0.535,0.025,0.472,434.0,13.2,21.0,17.2,7.8,0.5,8.0,13.1,22.8,3.0,2.0,5.0,0.2,3.6,3.2,6.8,2,2013-14,C,6.40,229,273,0,0,0,0,2222,0,0
Nerlens Noel,2012-13,Kentucky,SEC,24,24,765,27.3,0.583,0.59,0.0,0.627,257.0,10.4,23.9,17.4,9.5,3.9,13.2,17.3,17.4,1.6,2.3,3.9,0.206,4.3,7.8,12.1,1,2013-14,C,4.15,241,254,2083,2127,2794,206.4,2229,0,0
Ben McLemore,2012-13,Kansas,Big 12,37,36,1191,23.2,0.633,0.586,0.435,0.345,530.0,5.0,13.2,9.4,12.6,1.8,2.2,14.2,23.2,4.2,2.3,6.5,0.217,7.2,3.4,10.5,1,2013-14,SG,5.00,222,241,1918,1949,2553,189.2,2026,0,0
Kentavious Caldwell-Pope,2012-13,Georgia,SEC,32,30,1086,27.7,0.579,0.53,0.523,0.393,521.0,4.3,21.3,12.9,16.8,3.8,1.9,11.1,29.2,3.9,2.4,6.2,0.23,8.4,4.1,12.5,2,2013-14,SG,6.45,216,229,1943,1968,2553,203.6,2032,0,0
Trey Burke,2012-13,Michigan,Big Ten,39,39,1378,28.7,0.569,0.53,0.354,0.296,776.0,1.9,9.6,5.7,37.3,2.8,1.5,11.9,28.3,6.7,1.8,8.6,0.249,9.4,3.7,13.1,2,2013-14,PG,6.90,210,222,1822,1861,2477,187.0,1968,0,0
C.J. McCollum,2012-13,Lehigh,Patriot,12,11,372,34.7,0.628,0.58,0.33,0.376,250.0,4.0,15.8,10.0,24.9,2.7,1.2,12.3,37.2,1.9,0.6,2.4,0.261,9.0,0.3,9.3,4,,SG,,0,0,0,0,0,nan,0,0,0
Michael Carter-Williams,2012-13,Syracuse,Big East,40,40,1409,20.9,0.491,0.438,0.302,0.472,580.0,4.0,12.7,8.2,40.1,4.7,1.8,22.2,22.2,2.7,3.5,6.1,0.174,4.0,5.5,9.4,2,2013-14,PG,4.40,191,216,1949,1975,2565,184.4,2013,0,0
Steven Adams,2012-13,Pitt,Big East,32,32,749,23.2,0.555,0.571,0.0,0.4,228.0,15.3,21.0,18.0,5.4,1.9,11.2,14.4,17.7,1.6,1.9,3.5,0.185,4.0,4.2,8.1,1,2013-14,C,6.65,241,279,2102,2134,2781,254.5,2248,0,0
Kelly Olynyk,2012-13,Gonzaga,WCC,32,27,845,36.2,0.675,0.642,0.088,0.497,516.0,11.8,22.6,17.4,15.1,1.6,5.1,15.4,30.7,4.7,1.9,6.7,0.315,10.4,3.6,13.9,3,2013-14,PF,6.65,216,254,2102,2134,2743,234.0,2076,0,0
Shabazz Muhammad,2012-13,UCLA,Pac-12,32,30,987,21.9,0.528,0.487,0.232,0.395,520.0,9.9,9.3,9.6,5.8,1.3,0.4,8.6,29.8,2.9,0.8,3.7,0.149,5.8,-1.1,4.7,1,2013-14,SF,9.00,229,254,1949,1988,2654,221.8,2108,0,0
Shane Larkin,2012-13,Miami (FL),ACC,36,35,1311,22.6,0.6,0.569,0.445,0.293,537.0,1.6,11.4,6.5,26.1,3.4,0.3,15.9,21.3,4.3,2.3,6.5,0.199,5.2,3.8,9.1,2,2013-14,PG,3.80,191,222,1784,1816,2273,170.8,1797,0,0
Tony Snell,2012-13,New Mexico,MWC,35,35,1093,17.0,0.562,0.516,0.481,0.299,408.0,1.6,8.9,5.2,22.4,1.6,1.9,15.6,22.8,2.1,1.5,3.6,0.133,4.1,2.1,6.2,3,2013-14,SF,4.85,229,241,1981,2013,2680,198.2,2121,0,0
Gorgui Dieng,2012-13,Louisville,Big East,33,32,1026,23.8,0.562,0.534,0.0,0.479,352.0,12.9,23.6,18.1,12.3,2.6,9.4,17.0,17.0,2.5,3.2,5.6,0.219,5.1,6.4,11.5,3,2013-14,C,5.35,229,254,2076,2102,2832,229.6,2222,0,0
Mason Plumlee,2012-13,Duke,ACC,36,36,1248,26.3,0.628,0.599,0.0,0.688,605.0,9.7,25.1,17.4,11.5,1.7,4.0,17.4,24.5,4.3,2.6,6.9,0.22,5.9,3.6,9.5,4,2013-14,C,6.15,248,241,2115,2146,2743,238.2,2108,0,0
Solomon Hill,2012-13,Arizona,Pac-12,35,35,1154,20.1,0.579,0.541,0.423,0.359,468.0,6.6,13.9,10.2,16.8,2.1,1.8,16.0,21.4,3.3,1.8,5.1,0.176,5.6,2.7,8.3,4,2013-14,SF,7.60,229,267,1968,2007,2616,226.0,2057,0,0
Tim Hardaway Jr.,2012-13,Michigan,Big Ten,38,38,1324,17.7,0.538,0.516,0.424,0.241,505.0,0.8,16.3,8.4,13.0,1.2,1.4,12.2,23.7,2.8,1.7,4.5,0.136,3.6,1.8,5.5,3,2013-14,SG,6.05,203,235,1943,1988,2565,199.4,2007,0,0
Reggie Bullock,2012-13,UNC,ACC,35,35,1100,23.7,0.625,0.607,0.567,0.205,460.0,6.7,17.2,11.5,16.6,2.2,0.9,9.9,18.5,4.1,1.6,5.7,0.207,8.1,2.9,11.1,3,2013-14,SG,6.95,216,229,1975,2007,2591,199.8,2051,0,0
Andre Roberson,2012-13,Colorado,Pac-12,31,30,1036,21.9,0.524,0.515,0.211,0.356,348.0,10.6,29.4,20.0,9.4,3.9,4.4,18.7,19.9,1.4,2.9,4.3,0.166,3.3,4.8,8.1,3,2013-14,PF,7.05,222,241,1988,2007,2654,205.8,2108,0,0
Archie Goodwin,2012-13,Kentucky,SEC,33,33,1048,16.9,0.509,0.464,0.179,0.594,467.0,5.6,11.2,8.5,16.8,2.1,1.4,18.1,27.2,1.6,1.5,3.1,0.117,1.0,1.1,2.1,1,2013-14,SG,4.55,216,229,1924,1962,2591,189.0,2070,0,0
Allen Crabbe,2012-13,California,Pac-12,33,33,1195,22.3,0.568,0.528,0.393,0.297,548.0,3.3,16.0,9.8,16.2,1.9,1.9,13.5,26.6,3.3,1.8,5.1,0.17,6.0,2.4,8.4,3,2013-14,SG,4.65,210,216,1962,1988,2629,197.4,2115,0,0
Carrick Felix,2012-13,Arizona State,Pac-12,35,34,1235,21.5,0.586,0.569,0.368,0.323,481.0,7.1,20.0,13.6,9.6,2.4,3.2,13.8,21.3,3.0,2.1,5.1,0.165,3.7,2.3,6.0,3,2013-14,SF,3.30,216,241,1949,1988,2629,202.6,2064,0,0
Isaiah Canaan,2012-13,Murray State,OVC,31,30,1131,25.2,0.576,0.525,0.509,0.371,650.0,2.0,10.0,5.9,27.6,2.5,0.4,14.3,30.9,4.5,1.3,5.9,0.207,5.8,0.0,5.8,4,2013-14,PG,5.90,210,241,1803,1829,2400,188.4,1943,0,0
Glen Rice Jr,2011-12,Georgia Tech,ACC,21,10,628,23.0,0.539,0.525,0.404,0.296,266.0,8.0,20.7,14.2,19.1,2.8,3.3,15.9,25.9,1.3,1.1,2.4,0.156,5.3,2.8,8.0,3,,SG,,0,0,0,0,0,nan,0,0,0
Ray McCallum,2012-13,Detroit,Horizon,33,33,1208,25.7,0.578,0.539,0.298,0.47,617.0,4.0,14.3,8.7,23.8,3.0,1.8,11.3,24.4,4.7,1.3,6.0,0.2,6.3,1.1,7.3,3,2013-14,PG,7.30,203,222,1835,1873,2451,191.4,1911,0,0
Tony Mitchell,2012-13,North Texas,Sun Belt,32,29,1037,20.8,0.53,0.487,0.314,0.494,395.0,8.4,23.1,15.4,5.7,1.8,8.5,16.6,22.7,1.6,1.8,3.3,0.128,1.0,1.2,2.2,2,2012-13,SG,5.70,216,254,1962,1988,2540,216.4,2083,0,0
Nate Wolters,2012-13,South Dakota State,Summit,33,33,1256,32.0,0.604,0.549,0.339,0.461,750.0,3.7,15.4,9.5,34.3,2.8,0.4,11.2,29.8,7.0,1.6,8.5,0.272,8.3,1.3,9.6,4,2013-14,PG,5.50,210,222,1918,1949,2489,196.4,1924,0,0
Jeff Withey,2012-13,Kansas,Big 12,37,36,1144,27.2,0.621,0.583,0.003,0.604,467.0,8.8,22.3,16.1,6.2,1.4,13.7,15.1,21.5,3.4,3.2,6.6,0.231,4.9,6.6,11.5,4,2013-14,C,8.65,229,248,2102,2146,2807,221.8,2184,0,0
Grant Jerrett,2012-13,Arizona,Pac-12,34,2,606,16.6,0.535,0.513,0.513,0.143,170.0,7.6,17.9,12.7,5.7,1.6,5.8,10.4,15.6,1.2,1.1,2.3,0.15,3.5,3.2,6.6,1,2013-14,PF,10.05,216,235,2051,2089,2769,232.0,2184,0,0
Jamaal Franklin,2012-13,San Diego State,MWC,32,32,1058,24.8,0.536,0.461,0.367,0.546,544.0,6.2,28.8,17.3,21.6,2.9,2.6,17.9,29.9,2.5,2.8,5.3,0.202,4.2,4.3,8.5,3,2013-14,SG,8.25,216,210,1930,1962,2629,190.8,2115,0,0
Pierre Jackson,2012-13,Baylor,Big 12,36,35,1252,26.0,0.574,0.514,0.484,0.474,749.0,2.2,10.3,6.2,40.7,2.5,0.0,16.4,29.5,5.3,1.6,7.0,0.222,8.5,2.0,10.5,2,2013-14,PG,4.50,191,210,1765,1791,2286,176.0,1778,0,0
Mike Muscala,2012-13,Bucknell,Patriot,34,34,1079,35.7,0.575,0.513,0.036,0.509,624.0,11.8,31.1,21.8,18.5,1.0,7.8,9.5,31.6,5.3,3.0,8.3,0.307,8.6,3.9,12.5,4,2013-14,C,6.80,216,229,2089,2121,2743,230.2,2159,0,0
Erick Green,2012-13,Virginia Tech,ACC,32,32,1166,31.6,0.592,0.53,0.285,0.485,753.0,1.4,11.6,6.3,27.0,2.1,0.6,9.3,32.4,6.2,0.3,6.5,0.222,10.1,1.3,11.4,4,2013-14,PG,4.35,216,229,1867,1905,2489,178.2,1975,0,0
Ryan Kelly,2012-13,Duke,ACC,23,23,664,23.5,0.586,0.535,0.392,0.401,286.0,6.9,15.4,11.2,11.0,1.4,5.4,8.4,21.4,2.4,1.1,3.5,0.21,7.2,4.0,11.1,4,2013-14,PF,14.75,229,254,2076,2127,2794,228.0,2121,0,0
Erik Murphy,2012-13,Florida,SEC,36,34,952,24.4,0.643,0.629,0.5,0.16,394.0,7.8,19.2,13.5,11.0,1.5,3.1,13.0,22.5,3.6,2.4,6.0,0.253,7.3,4.3,11.6,4,2013-14,PF,7.95,222,248,2051,2070,2743,239.8,2096,0,0
James Ennis,2012-13,Long Beach State,Big West,33,32,1093,25.3,0.616,0.565,0.415,0.407,517.0,6.9,17.0,11.9,14.4,3.1,4.2,18.3,24.9,3.4,1.4,4.7,0.173,5.7,1.4,7.1,2,2013-14,SF,4.50,216,222,1975,2007,2654,200.8,2121,0,0
Romero Osby,2012-13,Oklahoma,Big 12,32,31,912,28.9,0.604,0.539,0.051,0.586,473.0,8.2,21.4,14.6,10.2,1.3,3.2,9.0,26.0,4.2,1.4,5.6,0.244,7.8,2.1,10.0,2,,SF,,0,0,0,0,0,nan,0,0,0
Lorenzo Brown,2012-13,NC State,ACC,33,32,1129,19.9,0.509,0.449,0.228,0.419,500.0,2.4,12.3,7.5,36.7,3.4,1.6,22.2,22.8,2.3,1.3,3.6,0.127,3.5,2.0,5.5,3,2013-14,PG,3.95,210,216,1930,1962,2540,189.2,2007,0,0
Colton Iverson,2012-13,Colorado State,MWC,35,35,1033,27.4,0.602,0.596,0.0,0.723,477.0,13.3,28.2,20.4,9.9,1.2,2.9,14.3,23.8,3.9,1.8,5.7,0.219,6.4,1.5,7.9,1,2013-14,C,9.60,235,241,2096,2134,2794,262.8,2184,0,0
Arsalan Kazemi,2012-13,Oregon,Pac-12,35,27,1016,24.4,0.627,0.595,0.005,0.795,340.0,11.5,31.5,21.2,9.2,4.1,2.4,16.6,15.2,2.7,3.0,5.7,0.226,5.3,5.4,10.8,1,,SF,,0,0,0,0,0,nan,0,0,0
Peyton Siva,2012-13,Louisville,Big East,40,40,1247,17.5,0.513,0.459,0.384,0.285,463.0,1.1,8.1,4.5,34.3,4.3,0.6,21.3,20.0,2.3,3.0,5.3,0.17,2.6,4.7,7.3,4,2013-14,PG,6.05,203,248,1816,1854,2362,180.6,1905,0,0
Alex Oriakhi,2012-13,Missouri,SEC,34,34,878,27.2,0.674,0.639,0.0,0.657,361.0,14.1,23.7,18.9,2.6,1.3,6.4,14.2,18.5,3.4,1.6,5.1,0.23,5.7,2.7,8.4,1,,PF,,0,0,0,0,0,nan,0,0,0
Deshaun Thomas,2012-13,Ohio State,Big Ten,37,37,1309,24.2,0.551,0.506,0.358,0.29,651.0,5.8,15.0,10.3,8.6,0.9,1.0,7.3,29.1,4.8,2.0,6.9,0.209,7.9,1.1,9.0,3,2013-14,SF,9.10,203,222,1956,2007,2642,219.8,2083,0,0
Andrew Wiggins,2013-14,Kansas,Big 12,35,35,1148,21.4,0.563,0.499,0.299,0.538,564.0,8.4,12.3,10.4,9.2,2.1,3.1,13.1,26.3,3.2,1.7,4.9,0.17,5.7,2.6,8.3,1,,SF,,0,0,0,0,0,nan,0,0,0
Jabari Parker,2013-14,Duke,ACC,35,35,1074,28.4,0.558,0.511,0.212,0.429,623.0,11.4,23.1,17.1,8.6,2.1,4.0,11.9,32.7,3.6,1.9,5.5,0.205,6.6,1.0,7.6,1,,PF,,0,0,0,0,0,nan,0,0,0
Joel Embiid,2013-14,Kansas,Big 12,28,20,647,28.2,0.655,0.629,0.029,0.836,307.0,12.7,27.3,20.5,11.5,2.3,11.7,21.6,23.4,1.8,1.7,3.4,0.213,5.0,6.9,11.9,1,,C,,0,0,0,0,0,nan,0,0,0
Aaron Gordon,2013-14,Arizona,Pac-12,38,38,1187,20.4,0.503,0.516,0.118,0.471,469.0,10.4,19.3,14.9,13.0,1.8,3.4,10.5,23.2,2.1,3.3,5.4,0.183,3.7,4.7,8.4,1,2014-15,PF,5.05,222,267,2019,2051,2667,220.1,2127,0,0
Marcus Smart,2013-14,Oklahoma State,Big 12,31,31,1014,26.9,0.552,0.486,0.425,0.648,589.0,5.1,14.9,10.2,30.1,5.0,1.9,14.0,29.2,3.1,2.5,5.6,0.22,6.5,5.5,12.0,2,2014-15,PG,10.55,229,222,1880,1911,2515,227.2,2064,0,0
Julius Randle,2013-14,Kentucky,SEC,40,40,1233,24.5,0.567,0.505,0.046,0.739,599.0,13.3,24.7,19.2,10.0,1.0,2.6,16.1,25.4,3.5,2.4,5.9,0.191,5.4,2.1,7.5,1,2014-15,PF,9.40,222,210,2026,2057,2680,249.7,2134,0,0
Nik Stauskas,2013-14,Michigan,Big Ten,36,36,1281,22.7,0.642,0.586,0.528,0.518,594.0,1.6,8.8,5.3,18.8,1.0,0.9,12.0,24.4,5.0,1.1,6.2,0.193,8.4,0.9,9.3,2,2014-15,SG,12.05,216,216,1962,1994,2591,206.9,2026,0,0
Noah Vonleh,2013-14,Indiana,Big Ten,30,29,794,22.2,0.604,0.56,0.153,0.62,321.0,10.8,27.3,19.4,4.9,1.9,5.4,18.6,21.4,1.6,2.0,3.6,0.182,2.9,3.7,6.6,1,2014-15,PF,7.30,248,298,2032,2070,2743,247.1,2242,0,0
Elfrid Payton,2013-14,Louisiana,Sun Belt,35,34,1258,25.2,0.551,0.524,0.116,0.648,732.0,7.1,11.7,9.4,32.9,3.6,1.7,17.2,27.6,3.7,1.9,5.6,0.177,5.1,1.7,6.8,3,2014-15,PG,5.65,222,229,1892,1924,2502,185.4,2032,0,0
Doug McDermott,2013-14,Creighton,Big East,35,35,1181,32.8,0.644,0.603,0.341,0.329,788.0,6.4,17.8,12.6,11.5,0.4,0.5,7.9,36.2,6.3,1.4,7.7,0.261,11.4,-0.5,10.9,4,2014-15,SF,7.10,222,248,1988,2026,2616,218.0,2064,0,0
Zach LaVine,2013-14,UCLA,Pac-12,37,1,904,14.6,0.545,0.524,0.444,0.236,324.0,2.4,9.5,6.1,12.6,2.1,0.8,11.6,20.1,1.4,1.2,2.5,0.111,1.7,1.2,2.9,1,2014-15,PG,4.70,210,222,1943,1975,2540,180.9,2038,0,0
T.J. Warren,2013-14,NC State,ACC,35,35,1238,31.3,0.574,0.548,0.178,0.347,775.0,10.8,12.7,11.8,8.6,3.1,1.8,9.9,35.5,4.7,1.7,6.5,0.209,9.2,1.6,10.8,2,2014-15,SF,7.95,222,229,2007,2038,2642,220.2,2089,0,0
Adreian Payne,2013-14,Michigan State,Big Ten,31,28,870,25.1,0.607,0.565,0.294,0.39,443.0,6.8,22.9,15.2,10.2,1.0,3.8,13.1,28.9,2.7,1.7,4.3,0.2,5.5,2.0,7.5,4,2014-15,PF,7.55,235,241,2057,2076,2769,238.5,2235,0,0
James Young,2013-14,Kentucky,SEC,40,39,1296,16.6,0.536,0.498,0.522,0.393,527.0,3.7,11.0,7.5,10.8,1.4,0.6,12.3,23.4,3.0,1.7,4.7,0.145,4.2,1.9,6.1,1,2014-15,SG,5.10,229,241,1962,2000,2642,213.3,2134,0,0
Tyler Ennis,2013-14,Syracuse,ACC,34,34,1215,21.3,0.511,0.453,0.236,0.414,480.0,2.6,9.0,5.7,32.3,3.9,0.7,11.9,21.9,3.2,2.2,5.5,0.18,4.8,3.9,8.7,1,2014-15,PG,6.20,210,222,1854,1892,2489,181.5,2013,0,0
Gary Harris,2013-14,Michigan State,Big Ten,35,34,1131,22.5,0.561,0.518,0.505,0.312,542.0,4.0,10.2,7.3,16.8,3.4,1.6,10.3,26.8,3.3,2.0,5.3,0.188,6.6,3.7,10.3,2,2014-15,SG,4.55,216,241,1892,1943,2438,204.8,2000,0,0
Mitch McGary,2013-14,Michigan,Big Ten,8,4,198,26.2,0.572,0.545,0.036,0.436,84.0,15.5,27.1,21.5,12.6,4.9,3.2,16.4,22.5,0.5,0.5,1.0,0.208,3.7,4.9,8.6,2,,PF,,0,0,0,0,0,nan,0,0,0
Jordan Adams,2013-14,UCLA,Pac-12,36,36,1082,28.3,0.603,0.545,0.34,0.441,594.0,7.5,13.1,10.4,14.7,5.0,0.6,9.4,26.5,4.2,2.2,6.4,0.237,7.4,4.1,11.5,2,2014-15,SG,10.80,216,191,1918,1949,2591,208.8,2083,0,0
Rodney Hood,2013-14,Duke,ACC,35,33,1150,20.1,0.59,0.55,0.41,0.328,507.0,2.9,11.7,7.2,13.2,1.3,0.8,10.2,23.8,3.6,1.2,4.9,0.17,6.3,0.9,7.2,1,2014-15,SF,7.45,216,216,2013,2045,2616,208.2,2045,0,0
Shabazz Napier,2013-14,UConn,AAC,40,40,1404,25.5,0.591,0.517,0.433,0.48,745.0,3.4,15.0,9.7,30.8,3.2,1.0,15.8,27.5,4.9,3.1,7.9,0.226,7.5,4.5,12.0,4,2014-15,PG,7.35,210,216,1803,1854,2362,175.2,1911,0,0
P.J. Hairston,2012-13,UNC,ACC,34,14,804,27.1,0.586,0.551,0.61,0.306,437.0,8.4,12.5,10.2,11.2,3.0,1.7,8.4,27.0,3.4,1.2,4.6,0.228,10.1,2.3,12.4,2,2014-15,SG,8.20,222,248,1937,1962,2565,228.8,2057,0,0
C.J. Wilcox,2013-14,Washington,Pac-12,32,31,1116,22.0,0.598,0.556,0.529,0.271,527.0,2.3,10.6,6.4,15.4,1.7,2.8,9.9,24.6,3.6,0.9,4.4,0.159,7.4,1.0,8.4,4,2014-15,SG,6.50,222,229,1918,1956,2553,201.0,2076,0,0
Josh Huestis,2013-14,Stanford,Pac-12,36,36,1266,17.3,0.51,0.488,0.223,0.295,413.0,8.8,18.4,13.7,6.8,1.0,5.9,9.8,18.0,1.9,2.1,4.0,0.126,2.8,2.5,5.3,4,,SG,,0,0,0,0,0,nan,0,0,0
Kyle Anderson,2013-14,UCLA,Pac-12,36,36,1196,24.7,0.566,0.517,0.154,0.493,603.0,4.5,25.5,15.4,34.3,3.1,2.7,19.1,24.1,3.1,2.6,5.6,0.189,6.3,4.5,10.9,2,2014-15,SF,13.35,210,222,2019,2045,2731,230.1,2203,0,0
K.J. McDaniels,2013-14,Clemson,ACC,36,35,1212,28.4,0.566,0.505,0.303,0.402,579.0,8.8,15.9,12.5,12.8,2.3,8.9,13.3,29.1,3.6,3.1,6.7,0.221,7.4,5.6,12.9,3,2014-15,SF,4.45,222,248,1943,1981,2591,195.6,2115,0,0
Joe Harris,2013-14,Virginia,ACC,37,37,1066,18.7,0.565,0.547,0.533,0.337,407.0,2.7,9.8,6.3,18.1,2.2,0.9,10.9,23.3,2.6,2.4,5.0,0.187,4.5,4.1,8.6,4,2014-15,SG,6.20,216,248,1949,1988,2540,215.0,1981,0,0
Cleanthony Early,2013-14,Wichita State,MVC,36,36,986,26.5,0.627,0.57,0.459,0.464,507.0,5.9,18.6,12.5,6.4,1.8,3.3,12.9,28.8,3.6,2.5,6.1,0.246,6.4,2.6,9.0,2,2014-15,SF,4.45,216,229,1981,2013,2578,209.4,2102,0,0
Jarnell Stokes,2013-14,Tennessee,SEC,37,37,1199,27.6,0.576,0.531,0.0,0.613,575.0,15.3,23.1,19.2,13.7,1.4,2.9,13.7,24.6,4.2,2.6,6.8,0.227,7.1,2.4,9.5,3,2014-15,PF,8.20,248,267,2007,2045,2629,262.8,2165,0,0
Johnny O'Bryant,2013-14,LSU,SEC,34,34,1020,18.7,0.526,0.495,0.007,0.455,507.0,10.8,16.6,13.7,11.5,1.0,2.9,17.8,28.5,1.2,1.5,2.7,0.106,1.1,0.2,1.3,3,2014-15,PF,10.75,235,241,2013,2045,2667,256.8,2191,0,0
DeAndre Daniels,2013-14,UConn,AAC,38,38,1103,20.0,0.559,0.531,0.299,0.222,437.0,6.3,16.9,12.0,3.6,1.4,5.2,11.2,24.2,2.1,2.4,4.4,0.16,3.1,2.5,5.6,3,2014-15,SF,3.85,235,267,2013,2045,2705,196.0,2184,0,0
Spencer Dinwiddie,2013-14,Colorado,Pac-12,17,17,529,24.8,0.667,0.565,0.481,0.908,248.0,1.8,9.6,5.8,26.3,2.9,0.8,13.8,21.0,2.2,0.8,3.1,0.231,6.2,3.9,10.1,3,2014-15,PG,5.35,210,229,1943,1981,2616,204.9,2038,0,0
Jerami Grant,2013-14,Syracuse,ACC,32,20,1005,21.6,0.547,0.496,0.019,0.664,379.0,9.1,17.2,13.0,9.4,1.7,2.5,9.5,21.1,2.8,1.9,4.6,0.185,4.0,2.4,6.4,2,2014-15,SF,3.75,235,235,1994,2026,2718,214.0,2203,0,0
Glenn Robinson III,2013-14,Michigan,Big Ten,37,37,1194,18.9,0.566,0.532,0.29,0.308,450.0,6.0,11.5,8.8,7.6,1.9,1.0,9.7,22.3,2.8,1.4,4.2,0.142,4.2,1.2,5.3,2,2014-15,SF,5.05,229,241,1968,2000,2553,211.4,2083,0,0
Nick Johnson,2013-14,Arizona,Pac-12,38,38,1257,21.5,0.549,0.498,0.357,0.395,573.0,3.0,11.1,7.2,17.6,2.1,2.0,10.2,26.3,3.6,3.1,6.7,0.212,5.8,4.9,10.7,3,2014-15,SG,6.05,222,248,1867,1905,2451,198.0,2013,0,0
Markel Brown,2013-14,Oklahoma State,Big 12,34,34,1201,22.0,0.591,0.541,0.361,0.483,562.0,3.5,12.9,8.4,16.9,1.6,3.1,10.0,23.1,3.7,2.0,5.7,0.191,6.3,2.7,8.9,4,2014-15,SG,4.20,210,248,1892,1918,2540,184.4,2051,0,0
Dwight Powell,2013-14,Stanford,Pac-12,36,36,1167,19.7,0.527,0.475,0.103,0.557,537.0,7.3,17.3,12.5,20.4,2.4,2.8,17.8,26.0,1.8,2.0,3.8,0.131,2.7,3.0,5.7,4,2014-15,PF,6.20,229,235,2070,2108,2667,234.4,2146,0,0
Jordan Clarkson,2013-14,Missouri,SEC,35,35,1228,20.2,0.547,0.482,0.244,0.418,605.0,2.9,9.3,6.4,23.3,1.9,0.6,14.3,27.9,3.2,1.2,4.4,0.142,3.8,0.5,4.3,1,2014-15,PG,4.30,210,229,1911,1956,2489,186.3,2032,0,0
Russ Smith,2013-14,Louisville,AAC,37,36,1084,26.2,0.576,0.541,0.376,0.451,662.0,2.9,9.6,6.2,31.6,4.0,0.4,15.2,30.7,3.9,2.9,6.7,0.249,7.2,4.3,11.5,4,2014-15,PG,3.50,210,216,1816,1848,2413,160.0,1918,0,0
Lamar Patterson,2013-14,Pitt,ACC,36,36,1174,24.2,0.569,0.528,0.45,0.382,591.0,3.8,14.4,9.2,29.9,2.8,1.2,14.7,29.1,3.6,2.3,5.9,0.2,8.1,3.2,11.4,5,2014-15,SG,10.75,229,235,1930,1962,2565,226.0,2108,0,0
Cameron Bairstow,2013-14,New Mexico,MWC,34,34,1119,29.0,0.611,0.558,0.007,0.7,627.0,8.5,16.5,12.8,11.8,1.0,4.9,10.7,29.9,4.5,2.0,6.5,0.232,7.2,2.5,9.7,4,2014-15,PF,8.70,222,229,2051,2076,2718,252.4,2153,0,0
Alec Brown,2013-14,Green Bay,Horizon,30,30,909,22.7,0.569,0.536,0.288,0.349,412.0,8.5,12.8,10.8,7.0,1.0,10.9,13.8,26.2,1.9,2.0,3.9,0.17,3.0,1.7,4.7,4,2014-15,PF,7.70,235,222,2140,2165,2769,231.2,2172,0,0
Semaj Christon,2013-14,Xavier,Big East,34,34,1200,19.1,0.544,0.501,0.117,0.56,565.0,1.5,7.4,4.6,25.3,2.3,0.8,14.3,26.9,2.6,1.3,4.0,0.133,3.7,1.5,5.2,2,2014-15,PG,5.25,216,210,1867,1911,2515,186.0,1994,0,0
Roy Devyn Marble,2013-14,Iowa,Big Ten,33,33,995,22.6,0.528,0.479,0.342,0.456,534.0,2.9,8.6,5.9,23.6,3.5,0.8,9.7,28.4,3.0,1.6,4.6,0.187,6.0,3.0,9.0,4,,Missing,,0,0,0,0,0,nan,0,0,0
Jordan McRae,2013-14,Tennessee,SEC,37,37,1190,24.0,0.565,0.513,0.439,0.414,623.0,2.6,10.0,6.3,17.6,1.3,3.3,11.2,30.4,4.3,2.0,6.2,0.21,8.1,2.5,10.5,4,2014-15,SG,5.20,222,216,1924,1962,2642,179.4,2146,0,0
Xavier Thames,2013-14,San Diego State,MWC,36,36,1126,26.5,0.557,0.478,0.357,0.514,607.0,2.1,8.5,5.3,23.7,3.3,0.5,8.2,28.6,4.7,2.8,7.5,0.267,7.2,5.2,12.4,3,2014-15,PG,6.40,210,229,1886,1918,2438,187.0,1930,0,0
Cory Jefferson,2013-14,Baylor,Big 12,38,38,1103,23.8,0.553,0.519,0.103,0.582,487.0,11.6,21.0,16.4,7.4,0.8,4.7,9.8,24.2,3.3,1.6,4.9,0.179,4.9,1.4,6.3,4,2014-15,PF,5.25,222,248,2026,2057,2667,218.4,2146,0,0
Karl-Anthony Towns,2014-15,Kentucky,SEC,39,39,822,31.4,0.627,0.57,0.031,0.523,391.0,14.2,22.3,18.5,11.6,1.4,11.5,14.2,23.7,3.5,2.9,6.4,0.311,6.6,7.6,14.3,1,,C,,0,0,0,0,0,nan,0,0,0
D'Angelo Russell,2014-15,Ohio State,Big Ten,35,34,1188,26.6,0.573,0.541,0.449,0.303,671.0,3.6,15.4,9.8,30.1,2.8,1.1,14.8,30.2,4.4,2.4,6.8,0.229,8.6,3.3,11.9,1,2015-16,PG,8.30,222,248,1911,1956,2591,193.4,2076,0,0
Jahlil Okafor,2014-15,Duke,ACC,38,38,1143,30.7,0.641,0.664,0.0,0.462,609.0,14.8,18.2,16.6,9.4,1.5,4.5,15.6,27.6,4.5,2.2,6.7,0.235,7.7,2.7,10.4,1,,C,,0,0,0,0,0,nan,0,0,0
Willie Cauley-Stein,2014-15,Kentucky,SEC,39,38,1012,23.8,0.588,0.572,0.0,0.542,344.0,11.1,17.3,14.5,7.4,2.9,7.1,13.9,17.8,2.6,3.4,6.0,0.239,5.4,7.1,12.6,3,2015-16,C,6.30,241,229,2115,2146,2819,242.4,2210,0,0
Stanley Johnson,2014-15,Arizona,Pac-12,38,37,1081,22.5,0.551,0.501,0.297,0.456,509.0,8.9,19.1,14.1,11.6,3.2,1.6,14.7,26.6,2.8,2.9,5.7,0.212,5.0,4.4,9.4,1,2015-16,SF,7.50,229,229,1956,1994,2591,241.8,2121,0,0
Frank Kaminsky,2014-15,Wisconsin,Big Ten,39,39,1311,34.4,0.628,0.59,0.207,0.41,691.0,6.0,25.7,16.1,18.4,1.7,4.5,9.8,28.6,6.9,2.9,9.8,0.299,11.2,5.0,16.2,4,2015-16,C,9.40,216,241,2127,2153,2781,231.2,2108,0,0
Justise Winslow,2014-15,Duke,ACC,39,39,1135,22.3,0.572,0.551,0.309,0.438,473.0,5.4,19.8,13.1,13.2,2.8,2.9,14.2,22.9,3.1,2.5,5.5,0.196,5.3,4.6,10.0,1,2015-16,SF,5.30,216,235,1943,1994,2654,221.8,2089,0,0
Myles Turner,2014-15,Texas,Big 12,34,7,755,25.5,0.556,0.488,0.241,0.436,310.0,7.2,24.9,16.7,6.2,0.8,12.3,13.2,25.1,1.9,2.1,4.0,0.213,3.4,6.0,9.3,1,2015-16,C,9.30,235,235,2076,2121,2845,238.6,2235,0,0
Trey Lyles,2014-15,Kentucky,SEC,36,21,828,19.8,0.543,0.496,0.121,0.425,308.0,9.9,16.1,13.3,9.2,1.4,2.1,12.4,20.8,2.1,2.3,4.4,0.213,3.9,4.1,8.0,1,2015-16,PF,12.10,235,260,2057,2089,2743,241.2,2172,0,0
Devin Booker,2014-15,Kentucky,SEC,38,0,816,19.4,0.6,0.571,0.491,0.223,324.0,2.6,7.8,5.4,10.9,1.3,0.3,10.4,22.8,2.7,1.8,4.5,0.219,6.1,3.3,9.4,1,2015-16,SG,8.30,222,229,1943,1975,2604,205.8,2038,0,0
Cameron Payne,2014-15,Murray State,OVC,35,35,1127,30.1,0.573,0.534,0.415,0.315,716.0,2.2,10.6,6.6,40.0,3.6,1.6,12.4,31.5,5.5,1.8,7.3,0.258,8.6,1.3,9.9,2,2015-16,PG,6.30,216,210,1848,1867,2477,182.8,2013,0,0
Kelly Oubre,2014-15,Kansas,Big 12,36,27,756,21.1,0.555,0.512,0.383,0.444,303.0,6.4,19.2,13.2,8.1,3.3,1.8,12.5,23.1,1.7,1.7,3.4,0.18,4.7,4.1,8.8,1,2015-16,SF,5.70,229,222,1975,2000,2604,202.8,2191,0,0
Terry Rozier,2014-15,Louisville,ACC,36,35,1260,22.1,0.509,0.457,0.301,0.338,591.0,3.8,13.9,8.8,19.7,3.5,0.5,11.6,27.8,3.0,3.0,6.0,0.191,4.8,4.6,9.4,2,2015-16,PG,5.60,210,216,1842,1886,2502,190.2,2038,0,0
Rashad Vaughn,2014-15,UNLV,MWC,23,23,742,20.2,0.547,0.521,0.43,0.299,352.0,2.3,13.7,8.4,11.8,1.5,1.1,11.8,30.8,1.4,1.1,2.5,0.132,4.5,0.1,4.5,1,2015-16,SG,6.20,203,216,1924,1956,2565,198.6,2007,0,0
Sam Dekker,2014-15,Wisconsin,Big Ten,40,40,1239,25.5,0.605,0.586,0.372,0.278,519.0,8.4,14.8,11.7,8.6,1.1,1.5,7.3,23.2,5.1,1.9,7.0,0.225,8.5,1.8,10.4,3,2015-16,SF,7.50,216,235,2026,2057,2692,218.6,2121,0,0
Jerian Grant,2014-15,Notre Dame,ACC,38,38,1408,25.5,0.592,0.536,0.37,0.511,706.0,1.3,8.3,5.1,33.6,2.8,1.4,13.4,24.2,6.1,1.6,7.7,0.218,7.3,1.7,9.0,4,2015-16,PG,5.60,210,216,1911,1937,2540,198.0,2019,0,0
Delon Wright,2014-15,Utah,Pac-12,35,35,1165,29.2,0.619,0.549,0.225,0.565,558.0,4.0,13.7,9.3,33.0,4.0,3.2,14.2,22.8,5.3,3.1,8.4,0.289,8.7,6.9,15.5,2,2015-16,PG,6.60,203,216,1937,1968,2578,181.4,2019,0,0
Justin Anderson,2014-15,Virginia,ACC,26,22,724,23.8,0.61,0.572,0.471,0.371,283.0,3.1,14.4,9.0,14.0,1.6,2.5,10.7,23.3,2.5,1.8,4.4,0.241,7.9,4.8,12.7,3,2015-16,SF,5.00,216,241,1962,1988,2565,230.6,2127,0,0
Bobby Portis,2014-15,Arkansas,SEC,36,36,1076,29.5,0.582,0.552,0.064,0.335,578.0,13.6,20.2,16.8,8.8,2.1,4.8,9.4,26.7,4.2,1.9,6.1,0.227,7.6,1.4,8.9,2,2015-16,PF,8.90,241,235,2070,2096,2756,246.2,2184,0,0
Rondae Hollis-Jefferson,2014-15,Arizona,Pac-12,38,25,1090,21.8,0.573,0.513,0.105,0.745,435.0,9.0,20.1,14.8,10.1,2.4,3.4,13.7,20.5,3.1,2.9,5.9,0.218,4.4,5.0,9.4,2,2015-16,SF,5.00,222,248,1968,2007,2642,210.8,2184,0,0
Tyus Jones,2014-15,Duke,ACC,39,39,1322,20.4,0.575,0.489,0.383,0.5,532.0,1.8,9.9,6.1,27.5,2.7,0.2,15.9,18.7,4.4,2.1,6.5,0.196,6.0,3.3,9.3,1,2015-16,PG,6.50,210,222,1842,1880,2464,184.6,1956,0,0
Jarell Martin,2014-15,LSU,SEC,33,32,1159,21.6,0.565,0.526,0.131,0.511,531.0,9.7,18.1,14.1,10.5,1.9,1.8,15.7,24.8,2.7,2.4,5.1,0.174,3.0,1.6,4.7,2,2015-16,PF,10.10,210,241,2032,2064,2705,238.6,2057,0,0
Larry Nance,2014-15,Wyoming,MWC,31,30,1082,25.3,0.581,0.533,0.117,0.403,472.0,6.0,21.1,14.1,20.0,2.3,4.3,14.0,28.5,2.8,2.6,5.4,0.199,4.0,2.9,7.0,4,2015-16,PF,6.40,229,248,2019,2045,2743,226.6,2172,0,0
R.J. Hunter,2014-15,Georgia State,Sun Belt,35,35,1294,25.8,0.552,0.473,0.51,0.447,667.0,2.8,12.5,7.9,20.3,3.6,3.6,11.0,29.6,4.4,2.5,6.9,0.215,5.7,1.4,7.1,3,2015-16,SG,6.00,216,210,1943,1981,2642,185.0,2096,0,0
Chris McCullough,2014-15,Syracuse,ACC,16,16,450,18.9,0.508,0.482,0.009,0.628,146.0,9.0,18.5,13.8,8.2,3.6,8.5,19.3,20.7,0.3,1.2,1.4,0.126,-0.1,5.3,5.2,1,2015-16,PF,6.20,222,222,2038,2057,2769,199.0,2216,0,0
Kevon Looney,2014-15,UCLA,Pac-12,36,36,1113,21.9,0.532,0.505,0.165,0.458,428.0,12.2,21.0,16.6,9.1,2.5,3.3,10.3,19.7,2.8,2.0,4.8,0.172,4.7,2.3,7.0,1,2015-16,PF,11.90,241,235,2032,2064,2794,222.4,2222,0,0
Montrezl Harrell,2014-15,Louisville,ACC,35,35,1229,24.8,0.588,0.578,0.098,0.508,521.0,10.0,19.1,14.5,9.2,1.6,3.7,12.9,22.3,3.6,3.0,6.6,0.214,5.9,3.6,9.5,3,2015-16,PF,11.90,229,248,2007,2019,2769,253.4,2242,0,0
Jordan Mickey,2014-15,LSU,SEC,31,31,1081,21.7,0.533,0.505,0.024,0.388,454.0,10.5,19.6,15.3,7.6,1.5,9.6,18.4,25.0,1.2,2.6,3.9,0.143,1.2,3.6,4.8,2,2015-16,PF,7.20,222,241,2007,2038,2692,238.0,2216,0,0
Anthony Brown,2014-15,Stanford,Pac-12,37,36,1320,19.5,0.573,0.528,0.439,0.358,523.0,3.8,18.8,11.4,15.2,1.3,0.6,13.1,21.7,3.6,1.7,5.2,0.159,5.5,1.6,7.1,5,2015-16,SF,6.10,216,229,1975,2013,2654,211.0,2108,0,0
Rakeem Christmas,2014-15,Syracuse,ACC,31,31,1064,26.5,0.591,0.552,0.003,0.519,498.0,10.2,19.6,14.9,10.5,1.7,8.5,14.5,25.8,3.0,2.3,5.4,0.203,4.3,3.8,8.1,4,2015-16,PF,9.60,235,229,2038,2076,2807,242.6,2267,0,0
Richaun Holmes,2014-15,Bowling Green State,MAC,31,30,892,30.4,0.625,0.594,0.147,0.522,421.0,11.6,20.9,16.3,7.2,1.5,11.2,14.1,25.6,3.2,2.0,5.1,0.23,5.5,3.2,8.7,3,2015-16,PF,8.80,216,216,2038,2070,2743,242.8,2172,0,0
Darrun Hilliard,2014-15,Villanova,Big East,35,35,1007,23.1,0.576,0.543,0.528,0.267,444.0,2.0,10.7,6.5,15.9,3.8,1.3,8.8,25.2,3.3,2.2,5.5,0.218,5.6,4.4,10.0,4,,SG,,0,0,0,0,0,nan,0,0,0
Josh Richardson,2014-15,Tennessee,SEC,32,32,1162,22.9,0.56,0.519,0.321,0.311,499.0,2.9,13.2,7.8,24.4,3.8,2.0,15.7,25.5,3.2,1.4,4.6,0.159,5.5,2.7,8.3,4,,SG,,0,0,0,0,0,nan,0,0,0
Pat Connaughton,2014-15,Notre Dame,ACC,38,38,1351,19.4,0.615,0.597,0.618,0.18,436.0,4.2,20.4,13.0,7.6,1.3,2.7,10.2,17.7,3.5,1.9,5.4,0.16,6.1,1.5,7.6,4,2015-16,SG,10.20,216,235,1930,1962,2438,215.0,2032,0,0
Olivier Hanlan,2014-15,Boston College,ACC,32,31,1204,22.2,0.553,0.519,0.371,0.292,608.0,2.6,11.5,7.1,29.1,2.1,0.1,13.1,30.1,3.3,1.1,4.4,0.145,6.1,0.3,6.4,3,2015-16,PG,4.30,203,222,1911,1937,2540,185.8,1981,0,0
Joe Young,2014-15,Oregon,Pac-12,36,35,1322,23.2,0.568,0.524,0.431,0.226,701.0,1.7,11.6,6.9,21.3,1.8,0.1,11.7,28.7,4.4,1.2,5.6,0.17,6.5,0.3,6.7,2,,PG,,0,0,0,0,0,nan,0,0,0
Andrew Harrison,2014-15,Kentucky,SEC,39,39,994,18.0,0.531,0.446,0.352,0.596,388.0,1.7,8.1,5.1,26.0,2.5,0.9,15.7,21.4,2.6,2.5,5.1,0.205,3.7,4.7,8.4,2,2015-16,PG,5.90,210,235,1943,1968,2540,213.2,2057,0,0
Marcus Thornton,2014-15,William & Mary,CAA,33,33,1210,21.8,0.605,0.564,0.538,0.324,598.0,1.0,7.9,4.7,17.5,1.1,0.4,12.4,28.5,4.0,0.7,4.7,0.154,4.8,-3.5,1.3,4,2015-16,PG,5.30,210,216,1873,1899,2477,177.4,2026,0,0
Norman Powell,2014-15,UCLA,Pac-12,36,36,1244,19.6,0.54,0.497,0.255,0.362,531.0,1.9,13.3,7.6,12.8,3.2,1.5,12.8,25.3,2.5,1.9,4.4,0.14,3.1,3.2,6.2,4,2015-16,SG,6.40,235,229,1905,1937,2604,215.4,2102,0,0
Dakari Johnson,2014-15,Kentucky,SEC,39,0,635,22.3,0.553,0.506,0.0,0.923,256.0,13.4,19.1,16.5,8.9,1.4,6.1,15.8,22.0,1.6,2.0,3.6,0.229,3.0,5.1,8.2,2,2015-16,C,14.90,235,267,2108,2127,2845,264.6,2184,0,0
Aaron White,2014-15,Iowa,Big Ten,34,34,1070,29.3,0.633,0.553,0.18,0.726,509.0,7.7,18.5,13.2,10.2,2.6,1.7,8.5,23.5,5.0,2.2,7.2,0.27,8.6,3.6,12.2,4,,PF,,0,0,0,0,0,nan,0,0,0
Tyler Harvey,2014-15,Eastern Washington,Big Sky,32,32,1182,26.9,0.643,0.6,0.606,0.359,664.0,2.0,9.6,5.8,13.9,1.8,0.4,10.0,27.5,5.7,0.4,6.1,0.207,6.9,-2.5,4.4,3,2015-16,SG,9.20,197,222,1899,1930,2502,181.4,1968,0,0
Sir 'Dominic Pointer,2014-15,St. John's (NY),Big East,33,32,1143,24.7,0.566,0.527,0.075,0.413,465.0,6.3,17.2,11.9,18.0,3.3,7.4,14.2,21.0,2.8,2.4,5.2,0.18,4.6,5.5,10.1,4,,SF,,0,0,0,0,0,nan,0,0,0
Cady Lalanne,2014-15,UMass,A-10,32,32,929,20.8,0.582,0.558,0.072,0.572,352.0,13.5,23.4,18.5,2.4,1.2,6.4,20.1,21.3,1.4,1.5,2.9,0.126,1.6,0.8,2.4,4,,C,,0,0,0,0,0,nan,0,0,0
Branden Dawson,2014-15,Michigan State,Big Ten,35,32,1055,23.8,0.533,0.535,0.0,0.306,408.0,11.9,23.5,17.9,12.2,2.5,6.3,14.7,23.4,2.0,2.5,4.4,0.168,4.4,4.2,8.6,4,2015-16,PF,5.80,229,222,1968,2000,2667,230.2,2108,0,0
J.P. Tokoto,2014-15,UNC,ACC,38,34,1106,15.9,0.484,0.45,0.118,0.432,378.0,6.4,14.3,10.6,24.0,2.9,1.3,20.7,17.9,1.4,1.9,3.3,0.118,2.7,4.5,7.2,3,2015-16,SF,4.10,203,222,1962,1988,2553,195.8,2083,0,0
Ben Simmons,2015-16,LSU,SEC,33,32,1151,29.0,0.6,0.561,0.008,0.769,674.0,9.6,26.8,18.2,27.4,3.1,2.5,17.4,26.4,3.9,2.1,6.0,0.207,7.0,3.3,10.3,1,,PF,,0,0,0,0,0,nan,0,0,0
Brandon Ingram,2015-16,Duke,ACC,36,34,1246,22.5,0.552,0.525,0.403,0.351,591.0,6.0,15.5,10.8,11.4,1.9,3.6,11.3,25.5,3.4,1.5,4.9,0.157,6.0,2.0,8.0,1,,SF,,0,0,0,0,0,nan,0,0,0
Jaylen Brown,2015-16,California,Pac-12,34,34,939,17.6,0.518,0.471,0.27,0.574,476.0,4.4,16.6,10.8,15.3,1.7,2.2,17.9,31.4,1.0,1.8,2.7,0.117,1.1,2.5,3.6,1,2016-17,SG,5.05,222,229,1962,2000,2604,222.8,2127,0,0
Kris Dunn,2015-16,Providence,Big East,33,32,1088,23.3,0.541,0.499,0.275,0.462,575.0,3.5,14.8,9.0,41.8,4.3,1.9,18.8,28.1,2.2,2.3,4.5,0.166,4.7,5.4,10.1,4,2016-17,PG,,0,0,1905,1937,2540,0.0,2070,0,0
Buddy Hield,2015-16,Oklahoma,Big 12,37,37,1309,28.2,0.665,0.623,0.536,0.333,801.0,4.0,13.1,8.8,12.7,1.8,1.4,14.0,30.2,5.7,1.9,7.6,0.233,10.6,2.2,12.8,4,2016-17,SG,6.10,216,229,1924,1956,2565,212.4,2064,0,0
Jamal Murray,2015-16,Kentucky,SEC,36,36,1267,22.7,0.59,0.559,0.515,0.283,649.0,4.9,11.2,8.2,12.1,1.6,0.9,12.1,27.3,4.4,1.7,6.1,0.193,8.1,1.4,9.5,1,,PG,,0,0,0,0,0,nan,0,0,0
Marquese Chriss,2015-16,Washington,Pac-12,34,34,848,21.6,0.585,0.561,0.178,0.382,427.0,9.8,11.6,10.7,6.3,1.9,5.8,14.7,24.1,1.9,1.2,3.1,0.148,2.8,2.2,4.9,1,2016-17,PF,8.50,229,229,2051,2083,2667,233.0,2140,0,0
Jakob Poeltl,2015-16,Utah,Pac-12,36,36,1093,31.1,0.665,0.646,0.0,0.674,596.0,11.9,22.1,17.4,13.9,1.1,5.0,13.7,25.6,4.9,1.9,6.8,0.25,7.6,2.8,10.4,2,2016-17,C,5.80,235,260,2140,2159,2832,239.0,2203,0,0
Domantas Sabonis,2015-16,Gonzaga,WCC,36,31,1149,29.3,0.654,0.618,0.036,0.499,616.0,11.7,28.3,20.7,11.3,1.1,2.7,16.0,25.5,4.6,2.8,7.5,0.26,5.7,2.5,8.2,2,,C,,0,0,0,0,0,nan,0,0,0
Taurean Prince,2015-16,Baylor,Big 12,34,34,1040,20.8,0.537,0.493,0.339,0.337,509.0,9.2,14.8,12.0,14.8,2.4,2.7,15.3,28.1,2.4,1.4,3.8,0.148,5.3,1.3,6.6,4,2016-17,SF,6.45,229,216,1994,2026,2591,220.2,2121,0,0
Denzel Valentine,2015-16,Michigan State,Big Ten,31,30,1022,29.7,0.608,0.579,0.527,0.214,622.0,3.0,21.2,12.8,45.8,1.9,0.7,14.8,28.5,5.0,2.2,7.2,0.284,11.3,4.3,15.6,4,2016-17,SG,9.20,216,248,1930,1975,2591,210.4,2102,0,0
Wade Baldwin IV,2015-16,Vanderbilt,SEC,33,30,1002,20.7,0.571,0.492,0.32,0.614,505.0,1.5,11.6,7.0,33.7,2.3,1.0,18.2,25.3,2.7,1.8,4.5,0.179,4.1,3.0,7.1,2,2016-17,PG,5.20,229,248,1892,1930,2540,201.8,2115,0,0
Henry Ellenson,2015-16,Marquette,Big East,33,33,1107,20.9,0.534,0.48,0.239,0.439,536.0,7.8,24.2,16.5,11.0,1.4,4.4,12.9,26.7,2.0,2.0,4.0,0.143,2.8,1.1,3.9,1,2016-17,PF,11.20,216,248,2083,2121,2743,242.0,2191,0,0
Malik Beasley,2015-16,Florida State,ACC,34,33,1014,20.8,0.583,0.541,0.361,0.326,483.0,5.0,15.1,10.1,9.8,1.8,0.6,11.5,24.2,2.9,1.1,4.0,0.158,5.2,1.0,6.2,1,2016-17,SG,6.90,216,229,1918,1943,2553,189.8,2007,0,0
Caris LeVert,2015-16,Michigan,Big Ten,15,14,464,28.8,0.636,0.596,0.401,0.42,252.0,2.4,18.9,10.6,33.3,2.0,0.7,11.4,25.6,2.2,0.7,2.8,0.243,8.5,2.9,11.4,4,2016-17,SG,7.55,216,235,1975,2007,2565,191.0,2083,0,0
DeAndre Bembry,2015-16,St. Joseph's,A-10,36,35,1341,22.4,0.539,0.513,0.258,0.358,640.0,4.3,18.0,11.3,24.1,2.2,2.5,11.2,24.4,3.4,2.5,5.8,0.174,4.7,3.4,8.2,3,2016-17,SG,7.00,203,235,1937,1975,2565,206.6,2064,0,0
Malachi Richardson,2015-16,Syracuse,ACC,37,37,1272,13.8,0.51,0.465,0.544,0.381,458.0,1.7,12.1,6.9,12.8,2.0,0.9,14.0,23.2,1.5,1.8,3.3,0.104,1.4,2.1,3.5,1,2016-17,SG,7.00,222,254,1949,1988,2578,199.6,2134,0,0
Brice Johnson,2015-16,UNC,ACC,40,39,1121,33.0,0.649,0.614,0.0,0.423,612.0,11.6,28.7,20.4,9.7,2.2,5.5,12.0,25.0,5.0,2.6,7.6,0.271,8.5,4.2,12.7,4,2016-17,PF,7.50,229,210,2057,2096,2705,208.6,2146,0,0
Pascal Siakam,2015-16,New Mexico State,WAC,34,34,1176,31.6,0.569,0.542,0.029,0.396,650.0,13.4,23.6,18.8,12.1,1.7,6.5,10.0,29.1,4.4,3.4,7.8,0.266,5.5,2.7,8.2,2,2016-17,PF,5.20,235,254,2038,2070,2731,226.6,2216,0,0
Skal Labissiere,2015-16,Kentucky,SEC,36,18,567,18.6,0.54,0.516,0.011,0.326,214.0,7.3,14.7,11.1,3.6,0.9,10.3,13.1,22.2,0.9,1.1,2.0,0.141,-1.3,4.0,2.6,1,2016-17,PF,5.70,222,229,2096,2127,2680,215.8,2197,0,0
Dejounte Murray,2015-16,Washington,Pac-12,34,34,1139,16.8,0.485,0.451,0.243,0.342,565.0,4.1,13.7,8.8,25.6,2.8,0.8,16.3,25.8,1.2,1.6,2.8,0.099,1.9,1.8,3.6,1,,PG,,0,0,0,0,0,nan,0,0,0
Damian Jones,2015-16,Vanderbilt,SEC,33,33,866,23.3,0.584,0.59,0.01,0.538,426.0,9.9,17.3,13.9,10.2,0.5,5.9,14.2,26.8,2.0,1.8,3.8,0.175,3.1,3.0,6.2,3,2016-17,C,6.55,222,267,2089,2121,2718,243.6,2229,0,0
Deyonta Davis,2015-16,Michigan State,Big Ten,35,16,650,23.9,0.601,0.598,0.0,0.191,242.0,13.5,19.0,16.5,7.5,0.8,10.2,12.1,19.3,1.7,1.6,3.3,0.204,3.4,4.5,7.8,1,2016-17,PF,9.70,229,235,2064,2096,2756,237.2,2197,0,0
Cheick Diallo,2015-16,Kansas,Big 12,27,1,202,20.5,0.572,0.569,0.0,0.466,74.0,10.4,27.1,19.4,0.9,2.0,11.9,19.4,21.7,0.2,0.6,0.8,0.159,-1.6,5.4,3.7,1,2016-17,PF,5.60,216,248,2019,2057,2731,218.6,2248,0,0
Tyler Ulis,2015-16,Kentucky,SEC,35,35,1288,24.0,0.567,0.497,0.362,0.441,666.0,1.7,7.1,4.6,34.3,2.3,0.3,11.4,23.3,5.4,1.7,7.1,0.221,7.9,2.4,10.3,2,2016-17,PG,5.20,191,191,1746,1778,2248,149.2,1880,0,0
Malcolm Brogdon,2015-16,Virginia,ACC,37,37,1263,25.1,0.585,0.532,0.382,0.31,626.0,2.1,13.4,7.9,19.5,1.8,0.9,8.3,28.4,4.9,2.1,7.0,0.222,8.1,3.2,11.3,4,2016-17,SG,5.40,229,260,1924,1968,2489,223.0,2096,0,0
Chinanu Onuaku,2015-16,Louisville,ACC,31,29,762,26.4,0.62,0.62,0.005,0.253,314.0,13.7,25.8,19.8,12.9,1.9,9.6,20.8,20.5,1.8,2.3,4.2,0.218,4.1,6.3,10.5,2,2016-17,C,8.55,229,203,2057,2083,2756,245.2,2203,0,0
Patrick McCaw,2015-16,UNLV,MWC,33,32,1113,21.3,0.591,0.56,0.515,0.294,482.0,3.6,12.4,8.0,22.7,3.9,1.2,14.2,20.3,2.7,2.2,5.0,0.179,3.9,3.7,7.6,2,2016-17,PG,4.70,222,222,1962,2000,2553,180.8,2083,0,0
Diamond Stone,2015-16,Maryland,Big Ten,35,22,807,26.7,0.61,0.568,0.0,0.456,407.0,12.4,14.5,13.6,4.2,1.3,7.1,12.9,26.7,2.6,1.5,4.1,0.204,3.8,2.0,5.8,1,2016-17,C,12.85,216,197,2057,2089,2756,254.4,2203,0,0
Stephen Zimmerman Jr.,2015-16,UNLV,MWC,26,24,680,17.6,0.519,0.488,0.079,0.472,264.0,8.8,26.5,17.7,6.4,1.1,7.5,17.1,21.9,0.5,1.6,2.1,0.122,-0.9,2.3,1.4,1,,C,,0,0,0,0,0,nan,0,0,0
Isaiah Whitehead,2015-16,Seton Hall,Big East,34,33,1098,20.5,0.511,0.458,0.434,0.383,624.0,1.8,9.8,5.9,33.0,2.1,4.5,16.4,31.6,2.1,2.1,4.2,0.153,6.0,2.9,8.9,2,2016-17,PG,9.25,216,222,1911,1943,2540,210.0,2051,0,0
Demetrius Jackson,2015-16,Notre Dame,ACC,35,35,1259,21.0,0.56,0.514,0.381,0.325,577.0,3.0,8.0,5.6,25.1,2.1,0.8,13.3,24.1,3.8,0.6,4.4,0.141,5.2,0.8,6.1,3,2016-17,PG,6.50,210,229,1829,1861,2362,193.8,1968,0,0
A.J. Hammons,2015-16,Purdue,Big Ten,33,20,813,31.0,0.623,0.601,0.033,0.378,431.0,11.5,24.9,18.7,10.5,0.7,10.4,14.1,28.6,2.7,2.2,4.9,0.241,6.5,5.3,11.9,4,,C,,0,0,0,0,0,nan,0,0,0
Jake Layman,2015-16,Maryland,Big Ten,36,36,1112,18.8,0.64,0.602,0.514,0.339,381.0,4.4,14.4,9.9,7.0,2.1,3.4,15.8,18.2,2.4,2.0,4.4,0.159,4.8,3.3,8.2,4,2016-17,SF,7.10,210,235,2032,2064,2591,208.6,2064,0,0
Michael Gbinije,2015-16,Syracuse,ACC,37,37,1403,20.9,0.574,0.554,0.477,0.328,632.0,3.2,8.8,6.0,26.3,3.1,1.1,15.7,24.8,3.6,2.1,5.7,0.162,5.3,3.1,8.4,3,2016-17,SG,5.40,203,229,1968,2000,2565,204.6,2019,0,0
Georges Niang,2015-16,Iowa State,Big 12,35,35,1162,25.9,0.625,0.6,0.276,0.23,679.0,4.8,15.6,10.6,19.2,1.5,1.8,13.8,28.7,4.2,1.4,5.6,0.192,7.1,1.6,8.7,4,2016-17,PF,10.05,235,235,2000,2045,2616,230.8,2083,0,0
Ben Bentil,2015-16,Providence,Big East,35,33,1198,24.8,0.567,0.51,0.296,0.465,659.0,8.4,16.7,12.4,8.0,1.4,3.1,9.3,29.6,3.8,2.0,5.8,0.193,6.3,1.9,8.2,2,2016-17,PF,9.70,241,254,2013,2038,2667,229.2,2172,0,0
Joel Bolomboy,2015-16,Weber State,Big Sky,33,33,1041,29.1,0.634,0.602,0.163,0.677,551.0,13.1,31.3,23.0,7.4,1.3,3.6,14.9,26.1,3.8,2.7,6.5,0.248,3.7,0.6,4.3,4,2016-17,PF,5.15,229,260,2019,2057,2629,224.4,2178,0,0
Kay Felder,2015-16,Oakland,Horizon,35,35,1286,28.7,0.572,0.502,0.35,0.461,946.0,2.2,9.8,6.1,50.0,2.9,0.5,13.9,31.3,6.2,1.4,7.6,0.237,7.5,0.8,8.3,3,2016-17,PG,5.80,210,216,1734,1765,2248,177.2,1892,0,0
Marcus Paige,2015-16,UNC,ACC,34,34,1075,17.4,0.537,0.503,0.588,0.263,418.0,1.6,7.1,4.4,18.6,2.1,1.5,9.5,19.4,2.9,1.3,4.2,0.154,5.1,2.8,8.0,4,2016-17,PG,4.30,197,222,1842,1873,2464,163.8,1988,0,0
Daniel Hamilton,2015-16,UConn,AAC,36,36,1147,20.0,0.492,0.444,0.345,0.243,501.0,3.5,27.1,16.1,29.2,2.0,1.5,15.6,25.1,1.8,3.0,4.7,0.165,4.0,4.0,8.0,2,2016-17,SG,5.95,229,216,1988,2032,2629,197.0,2057,0,0
Abdel Nader,2015-16,Iowa State,Big 12,35,35,1088,15.8,0.583,0.555,0.415,0.315,415.0,2.9,14.4,9.0,8.0,1.9,2.1,16.9,21.5,1.5,1.4,2.8,0.104,1.9,1.6,3.5,2,,SG,,0,0,0,0,0,nan,0,0,0
Isaiah Cousins,2015-16,Oklahoma,Big 12,37,37,1232,15.9,0.506,0.484,0.38,0.233,507.0,2.1,11.9,7.3,25.1,2.3,0.8,16.0,21.8,1.9,1.9,3.8,0.123,2.7,2.8,5.4,4,2016-17,PG,4.80,210,222,1911,1943,2502,194.0,1988,0,0
Tyrone Wallace,2015-16,California,Pac-12,28,25,901,19.7,0.513,0.477,0.245,0.449,446.0,3.5,14.3,9.1,28.5,1.8,1.3,15.1,27.4,1.8,1.6,3.4,0.149,3.6,3.0,6.6,4,,PG,,0,0,0,0,0,nan,0,0,0
Markelle Fultz,2016-17,Washington,Pac-12,25,25,892,28.0,0.558,0.535,0.287,0.383,582.0,4.0,13.9,8.9,35.5,2.5,3.1,13.4,31.4,3.3,0.6,3.9,0.173,7.7,1.7,9.4,1,2017-18,PG,,0,0,0,0,0,0,0,0,0
Lonzo Ball,2016-17,UCLA,Pac-12,36,36,1263,24.7,0.673,0.668,0.566,0.286,608.0,3.2,14.3,9.3,31.4,2.8,2.1,18.6,18.1,4.8,2.0,6.8,0.214,8.1,3.9,12.0,1,,PG,,0,0,0,0,0,nan,0,0,0
Jayson Tatum,2016-17,Duke,ACC,29,27,966,22.0,0.566,0.507,0.321,0.381,467.0,4.8,19.7,12.6,12.4,2.3,3.2,15.0,26.2,2.3,1.8,4.1,0.169,4.6,3.2,7.9,1,,SF,,0,0,0,0,0,nan,0,0,0
Josh Jackson,2016-17,Kansas,Big 12,35,35,1077,24.2,0.559,0.552,0.21,0.403,571.0,8.7,17.5,13.3,18.2,3.1,3.5,15.9,27.2,2.7,2.2,4.9,0.18,5.7,4.2,9.9,1,,SF,,0,0,0,0,0,nan,0,0,0
De'Aaron Fox,2016-17,Kentucky,SEC,36,34,1064,22.7,0.549,0.498,0.154,0.474,608.0,2.1,12.2,7.2,28.6,2.7,0.7,13.7,27.5,3.1,2.1,5.1,0.192,4.3,3.9,8.2,1,2017-18,PG,4.50,216,216,1880,1911,2540,169.6,1994,0,0
Jonathan Isaac,2016-17,Florida State,ACC,32,32,839,24.6,0.614,0.568,0.348,0.461,364.0,7.7,25.1,16.7,7.5,2.4,6.2,13.3,20.3,2.4,1.9,4.3,0.205,5.8,4.2,10.0,1,,PF,,0,0,0,0,0,nan,0,0,0
Lauri Markkanen,2016-17,Arizona,Pac-12,37,37,1140,25.0,0.635,0.584,0.434,0.436,534.0,10.0,17.5,14.0,5.6,0.8,1.8,8.1,22.5,4.8,1.8,6.7,0.235,7.9,1.5,9.4,1,,PF,,0,0,0,0,0,nan,0,0,0
Dennis Smith Jr,2016-17,NC State,ACC,32,32,1114,23.1,0.563,0.52,0.364,0.476,621.0,2.7,11.5,7.3,34.2,3.1,1.2,17.3,27.2,3.1,0.9,4.0,0.142,5.4,1.1,6.5,1,,PG,,0,0,0,0,0,nan,0,0,0
Zach Collins,2016-17,Gonzaga,WCC,39,0,673,31.0,0.703,0.676,0.101,0.715,359.0,12.1,23.3,18.4,4.4,1.5,9.8,17.8,24.8,2.6,2.4,5.0,0.299,4.6,6.0,10.6,1,2017-18,PF,8.90,222,235,2089,2134,2819,232.2,2159,0,0
Malik Monk,2016-17,Kentucky,SEC,38,37,1218,21.5,0.586,0.543,0.47,0.323,660.0,1.1,7.3,4.2,13.3,1.6,1.5,10.4,27.2,3.9,1.9,5.8,0.189,6.5,2.5,9.0,1,,SG,,0,0,0,0,0,nan,0,0,0
Luke Kennard,2016-17,Duke,ACC,37,36,1314,24.4,0.629,0.579,0.414,0.386,672.0,3.9,12.1,8.2,13.6,1.4,0.9,9.3,24.0,5.5,1.6,7.1,0.217,8.4,2.0,10.3,2,2017-18,SG,6.60,203,222,1943,1968,2502,196.2,1962,0,0
Donovan Mitchell,2016-17,Louisville,ACC,34,33,1098,21.8,0.534,0.498,0.509,0.243,502.0,3.7,12.9,8.3,16.0,3.7,1.7,10.2,24.6,3.0,2.4,5.4,0.197,5.7,5.5,11.1,2,2017-18,SG,5.90,216,241,1861,1905,2464,211.4,2083,0,0
Bam Adebayo,2016-17,Kentucky,SEC,38,38,1145,22.0,0.624,0.599,0.0,0.831,488.0,11.1,17.3,14.2,4.7,1.2,4.9,13.9,18.5,3.3,2.3,5.6,0.196,4.5,3.6,8.2,1,,C,,0,0,0,0,0,nan,0,0,0
Justin Jackson (UNC),2016-17,UNC,ACC,40,39,1281,21.3,0.555,0.531,0.477,0.22,659.0,4.8,10.8,7.8,15.8,1.3,0.8,9.5,25.7,4.3,1.8,6.1,0.191,7.7,2.1,9.8,3,2017-18,SF,8.10,222,235,2007,2038,2654,200.8,2108,0,0
Justin Patton,2016-17,Creighton,Big East,35,34,885,25.2,0.671,0.689,0.051,0.294,406.0,8.0,19.0,13.9,8.5,1.9,5.9,15.1,22.0,2.5,1.8,4.3,0.194,4.2,4.2,8.4,1,2017-18,C,7.80,222,248,2083,2115,2832,229.0,2210,0,0
D.J. Wilson,2016-17,Michigan,Big Ten,38,36,1155,20.9,0.628,0.605,0.361,0.197,405.0,6.6,16.5,11.6,8.5,1.1,5.2,11.2,18.3,3.2,1.6,4.8,0.166,5.4,2.5,7.9,3,2017-18,PF,6.40,235,260,2051,2096,2781,234.4,2210,0,0
TJ Leaf,2016-17,UCLA,Pac-12,35,35,1048,26.6,0.66,0.652,0.152,0.278,536.0,9.0,19.7,14.9,13.2,1.1,3.5,10.8,22.0,4.2,1.6,5.8,0.22,6.5,2.1,8.6,1,2017-18,PF,6.80,216,241,2051,2076,2718,222.2,2108,0,0
John Collins,2016-17,Wake Forest,ACC,33,33,878,35.9,0.658,0.622,0.003,0.585,579.0,16.4,25.6,21.1,4.5,1.3,6.6,11.1,29.9,4.6,1.0,5.6,0.256,9.3,0.7,9.9,2,2017-18,PF,5.40,229,254,2038,2070,2705,225.2,2115,0,0
Harry Giles,2016-17,Duke,ACC,26,6,300,19.8,0.57,0.577,0.0,0.308,113.0,16.4,21.6,19.1,5.6,1.7,5.3,16.8,17.9,0.6,0.6,1.2,0.164,1.5,2.9,4.4,1,2017-18,PF,5.20,241,273,2064,2096,2781,232.0,2216,0,0
Jarrett Allen,2016-17,Texas,Big 12,33,33,1061,20.3,0.571,0.566,0.022,0.472,428.0,10.9,18.9,14.9,5.7,1.0,5.0,17.8,22.6,1.5,1.7,3.3,0.124,2.6,2.6,5.2,1,2017-18,C,7.40,241,267,2057,2089,2781,233.6,2267,0,0
OG Anunoby,2016-17,Indiana,Big Ten,16,10,402,23.8,0.611,0.615,0.369,0.393,167.0,8.5,16.1,12.5,11.0,3.0,5.5,15.2,20.8,1.1,0.7,1.7,0.172,5.4,3.5,8.9,2,2017-18,SF,6.80,235,241,1988,2026,2731,232.4,2191,0,0
Tyler Lydon,2016-17,Syracuse,ACC,34,34,1227,20.3,0.599,0.55,0.389,0.364,445.0,7.7,19.2,13.7,10.8,1.7,4.7,13.6,18.0,3.1,1.7,4.8,0.157,4.8,2.2,7.0,2,2017-18,PF,13.60,222,222,2038,2070,2731,215.0,2134,0,0
Caleb Swanigan,2016-17,Purdue,Big Ten,35,35,1139,26.2,0.62,0.572,0.202,0.499,640.0,10.7,32.7,22.5,18.9,0.8,2.5,18.5,28.1,3.7,2.6,6.4,0.224,6.1,3.4,9.4,2,2016-17,PF,12.55,229,260,2019,2045,2718,246.6,2222,0,0
Kyle Kuzma,2016-17,Utah,Pac-12,29,29,894,25.0,0.565,0.542,0.233,0.352,481.0,11.3,23.3,17.7,15.2,1.1,1.6,12.8,27.0,2.8,1.8,4.5,0.204,5.6,0.7,6.3,3,2017-18,SF,9.40,216,241,2032,2070,2731,222.6,2140,0,0
Tony Bradley,2016-17,UNC,ACC,38,0,553,26.2,0.59,0.573,0.0,0.59,270.0,18.6,19.0,18.8,7.2,1.0,4.4,9.9,20.7,2.1,1.0,3.1,0.225,5.6,2.3,7.9,1,2017-18,C,12.00,241,241,2064,2102,2858,248.8,2261,0,0
Derrick White,2016-17,Colorado,Pac-12,34,32,1116,27.3,0.627,0.578,0.356,0.45,603.0,3.5,10.5,7.0,28.6,2.2,4.9,14.2,25.3,4.5,1.4,5.9,0.211,9.0,3.4,12.4,1,2017-18,PG,6.20,210,216,1911,1943,2578,189.8,2019,0,0
Josh Hart,2016-17,Villanova,Big East,36,35,1193,28.2,0.619,0.59,0.395,0.367,648.0,5.8,17.6,12.2,18.8,2.9,1.0,11.5,27.8,5.1,2.6,7.7,0.257,8.1,3.9,12.0,4,2017-18,SG,5.80,216,241,1924,1956,2565,209.2,2038,0,0
Frank Jackson,2016-17,Duke,ACC,36,16,895,17.0,0.598,0.564,0.459,0.363,371.0,3.1,8.3,5.8,12.6,1.3,0.2,12.9,21.1,2.4,0.9,3.3,0.147,3.7,1.4,5.1,1,2017-18,PG,6.70,210,229,1880,1918,2489,201.6,2019,0,0
Davon Reed,2016-17,Miami (FL),ACC,33,33,1165,19.7,0.58,0.539,0.535,0.29,460.0,2.9,13.1,8.1,14.3,2.3,1.5,13.7,22.2,2.9,1.9,4.8,0.163,5.0,3.2,8.2,4,2017-18,SG,6.50,235,241,1943,1968,2591,206.2,2134,0,0
Wesley Iwundu,2016-17,Kansas State,Big 12,35,35,1098,20.1,0.585,0.532,0.271,0.506,466.0,4.1,20.0,12.3,22.9,1.9,1.2,17.2,22.3,2.6,1.8,4.4,0.16,4.9,2.6,7.5,4,2017-18,SG,4.00,222,241,1968,2000,2680,193.4,2159,0,0
Frank Mason,2016-17,Kansas,Big 12,36,36,1301,25.5,0.622,0.573,0.354,0.484,745.0,2.0,10.5,6.4,26.1,2.0,0.2,12.4,25.6,5.8,1.7,7.5,0.23,8.6,2.7,11.3,4,,PG,,0,0,0,0,0,nan,0,0,0
Ivan Rabb,2016-17,California,Pac-12,31,30,1012,21.7,0.541,0.497,0.064,0.599,432.0,10.7,25.7,18.3,10.9,1.3,3.3,14.3,23.8,2.1,2.5,4.6,0.18,3.0,3.4,6.4,2,2017-18,PF,6.80,222,229,2051,2083,2769,219.6,2172,0,0
Jonah Bolden,2015-16,UCLA,Pac-12,31,11,672,12.4,0.499,0.451,0.293,0.366,156.0,5.8,17.5,11.8,7.8,1.7,4.2,15.3,12.1,0.6,0.9,1.4,0.086,0.3,3.4,3.7,1,,C,,0,0,0,0,0,nan,0,0,0
Semi Ojeleye,2016-17,SMU,AAC,35,35,1195,26.5,0.621,0.572,0.399,0.508,595.0,8.4,15.0,11.9,9.3,0.8,1.6,8.5,25.9,5.5,2.2,7.7,0.257,8.3,1.1,9.3,1,2017-18,SF,5.50,222,241,1962,2000,2591,241.4,2076,0,0
Jordan Bell,2016-17,Oregon,Pac-12,39,38,1124,26.4,0.658,0.641,0.052,0.435,445.0,12.2,22.4,17.6,11.4,2.5,8.5,18.8,18.0,3.2,3.0,6.2,0.222,5.3,5.5,10.8,3,2017-18,PF,5.40,235,241,2007,2045,2654,223.6,2127,0,0
Jawun Evans,2016-17,Oklahoma State,Big 12,32,32,936,27.3,0.535,0.475,0.197,0.396,659.0,2.8,11.0,6.8,43.6,3.3,0.5,13.6,32.7,4.0,0.8,4.8,0.206,8.0,1.2,9.2,2,2017-18,PG,9.10,203,197,1797,1816,2413,185.2,1968,0,0
Dwayne Bacon,2016-17,Florida State,ACC,35,35,1008,20.8,0.544,0.51,0.35,0.282,544.0,4.0,12.0,8.1,11.6,1.9,0.4,11.4,29.4,2.5,1.3,3.8,0.151,4.6,1.0,5.5,2,2017-18,SG,7.90,222,254,1949,1988,2629,221.6,2083,0,0
Tyler Dorsey,2016-17,Oregon,Pac-12,39,39,1169,19.6,0.606,0.575,0.514,0.343,510.0,3.5,9.6,6.7,10.7,1.5,0.4,11.1,22.9,3.5,1.7,5.2,0.178,5.1,1.6,6.8,2,2017-18,SG,4.70,216,235,1905,1943,2527,182.6,1962,0,0
Thomas Bryant,2016-17,Indiana,Big Ten,34,34,954,21.6,0.601,0.56,0.211,0.519,419.0,9.7,17.2,13.7,9.8,1.6,5.7,18.0,22.2,2.4,1.4,3.8,0.159,3.8,2.4,6.2,2,2017-18,PF,9.40,241,260,2070,2102,2858,247.8,2286,0,0
Damyean Dotson,2016-17,Houston,AAC,32,32,1098,23.9,0.611,0.595,0.567,0.123,482.0,5.1,18.1,11.5,6.9,1.6,0.6,6.8,23.1,3.9,2.0,5.9,0.216,8.2,1.3,9.4,2,2017-18,SG,5.30,216,235,1943,1968,2540,205.2,2057,0,0
Dillon Brooks,2016-17,Oregon,Pac-12,35,27,886,25.5,0.585,0.556,0.336,0.299,525.0,4.8,9.7,7.4,23.1,2.5,2.0,13.0,31.6,3.1,1.6,4.7,0.213,6.2,2.9,9.1,3,2017-18,SG,7.50,210,235,1956,1981,2553,220.2,1981,0,0
Sterling Brown,2016-17,SMU,AAC,35,34,1143,21.7,0.583,0.546,0.387,0.313,463.0,6.0,16.9,11.7,17.9,2.7,2.2,14.6,21.9,3.3,2.7,6.0,0.211,4.8,4.0,8.9,4,,SG,,0,0,0,0,0,nan,0,0,0
Ike Anigbogu,2016-17,UCLA,Pac-12,29,0,377,17.1,0.564,0.564,0.0,0.426,139.0,13.2,19.9,16.9,2.3,0.7,8.8,16.5,18.4,0.6,0.7,1.3,0.133,-1.5,2.4,0.9,1,2017-18,C,5.40,241,254,2045,2076,2807,252.2,2292,0,0
Sindarius Thornwell,2016-17,South Carolina,SEC,31,31,1051,30.3,0.59,0.51,0.337,0.59,634.0,8.0,16.3,11.9,19.1,3.6,3.4,11.9,29.5,4.4,2.8,7.2,0.273,11.0,6.2,17.1,4,2017-18,SG,7.80,222,222,1918,1949,2616,211.6,2083,0,0
Monte Morris,2016-17,Iowa State,Big 12,35,35,1237,24.7,0.555,0.523,0.308,0.239,645.0,3.7,11.3,7.6,32.0,2.4,0.8,7.5,22.8,4.8,1.7,6.5,0.21,7.5,3.0,10.5,4,2017-18,PG,6.90,210,222,1861,1892,2451,175.2,1930,0,0
Edmond Sumner,2016-17,Xavier,Big East,21,20,696,21.1,0.57,0.507,0.209,0.645,325.0,1.8,13.7,7.6,30.2,2.3,2.7,17.4,24.0,1.8,0.9,2.7,0.154,5.1,3.7,8.8,3,2017-18,PG,8.30,210,229,1930,1975,2604,176.4,2057,0,0
Kadeem Allen,2016-17,Arizona,Pac-12,34,33,1020,16.7,0.57,0.521,0.318,0.492,340.0,1.5,13.8,8.1,17.8,3.1,2.3,18.3,18.1,1.7,2.0,3.8,0.148,2.2,5.2,7.4,2,2017-18,PG,6.40,216,222,1854,1886,2527,192.4,2064,0,0
Alec Peters,2016-17,Valparaiso,Horizon,29,29,1019,28.7,0.594,0.528,0.342,0.415,625.0,8.5,23.3,16.2,14.8,1.3,1.2,11.2,30.8,4.2,1.9,6.1,0.241,7.5,0.4,7.9,4,2017-18,PF,8.80,222,254,2013,2051,2667,232.0,2102,0,0
Nigel Williams-Goss,2016-17,Gonzaga,WCC,38,38,1248,25.2,0.594,0.533,0.258,0.4,660.0,2.2,15.7,9.8,25.6,2.9,0.2,13.1,24.6,4.5,3.6,8.1,0.261,5.7,5.1,10.8,1,2017-18,PG,5.60,222,235,1867,1905,2515,190.2,2013,0,0
Jabari Bird,2016-17,California,Pac-12,27,25,863,16.5,0.562,0.542,0.56,0.173,331.0,3.5,13.2,8.4,7.7,1.3,0.8,12.7,23.5,1.5,1.6,3.1,0.142,3.8,2.4,6.2,4,,SG,,0,0,0,0,0,nan,0,0,0
Jaron Blossomgame,2016-17,Clemson,ACC,33,33,1133,23.1,0.561,0.526,0.213,0.381,540.0,5.9,15.5,10.6,9.7,1.4,2.9,9.7,25.9,3.2,1.1,4.3,0.152,5.2,1.0,6.2,4,2017-18,SF,5.70,222,260,1975,2000,2654,218.6,2083,0,0
Deandre Ayton,2017-18,Arizona,Pac-12,35,35,1172,32.6,0.65,0.625,0.078,0.424,666.0,13.5,28.2,21.4,10.2,1.0,6.1,11.3,26.6,5.5,2.1,7.6,0.259,8.6,2.4,11.0,1,,C,,0,0,0,0,0,nan,0,0,0
Marvin Bagley III,2017-18,Duke,ACC,33,32,1118,30.6,0.643,0.64,0.132,0.475,630.0,13.8,21.5,17.9,8.8,1.4,2.6,12.2,26.3,4.8,2.1,6.9,0.248,8.8,2.0,10.8,1,,PF,,0,0,0,0,0,nan,0,0,0
Jaren Jackson Jr.,2017-18,Michigan State,Big Ten,35,34,764,26.9,0.647,0.595,0.414,0.573,347.0,8.8,19.7,15.0,9.3,1.6,14.3,17.4,23.5,2.3,2.2,4.6,0.239,4.4,7.3,11.7,1,,PF,,0,0,0,0,0,nan,0,0,0
Trae Young,2017-18,Oklahoma,Big 12,32,32,1133,28.3,0.585,0.518,0.531,0.443,935.0,1.3,10.0,5.8,48.6,2.5,0.7,18.2,37.1,4.6,1.1,5.7,0.201,9.7,1.3,11.1,1,2018-19,PG,5.35,203,235,1842,1873,2426,177.8,1905,0,0
Mohamed Bamba,2017-18,Texas,Big 12,30,29,906,28.3,0.593,0.567,0.189,0.441,377.0,12.2,28.2,20.2,3.6,1.5,13.1,12.3,21.3,2.4,2.4,4.8,0.212,5.0,5.9,10.9,1,2018-19,C,6.20,248,260,2115,2153,2934,225.6,2388,0,0
Wendell Carter Jr.,2017-18,Duke,ACC,37,37,997,28.2,0.628,0.591,0.144,0.527,501.0,12.8,23.2,18.4,13.0,1.7,7.6,15.8,22.8,3.6,2.3,5.9,0.239,6.3,5.1,11.4,1,,C,,0,0,0,0,0,nan,0,0,0
Collin Sexton,2017-18,Alabama,SEC,33,32,987,23.5,0.567,0.498,0.299,0.575,622.0,4.1,9.8,7.0,27.8,1.6,0.3,14.2,32.9,3.2,1.2,4.4,0.177,5.8,1.1,6.9,1,2018-19,PG,5.60,210,216,1842,1867,2502,183.0,2013,0,0
Kevin Knox,2017-18,Kentucky,SEC,37,37,1198,17.0,0.556,0.51,0.38,0.373,518.0,3.3,14.5,9.3,8.7,1.5,1.0,14.1,24.6,2.3,1.7,4.0,0.133,3.3,1.8,5.1,1,2018-19,SF,4.95,222,235,2026,2057,2743,212.6,2127,0,0
Mikal Bridges,2017-18,Villanova,Big East,40,40,1285,26.8,0.655,0.623,0.503,0.282,644.0,5.2,13.8,9.7,10.6,2.7,3.5,9.1,23.2,5.4,2.4,7.7,0.241,8.7,4.1,12.9,3,,SF,,0,0,0,0,0,nan,0,0,0
Shai Gilgeous-Alexander,2017-18,Kentucky,SEC,37,24,1248,21.2,0.578,0.516,0.151,0.464,571.0,3.2,10.0,6.8,28.8,2.8,1.7,17.9,21.9,3.3,1.9,5.2,0.167,5.3,3.7,9.0,1,2018-19,PG,3.00,229,229,1943,1981,2642,180.0,2121,0,0
Miles Bridges,2017-18,Michigan State,Big Ten,34,33,1067,22.6,0.572,0.535,0.427,0.239,531.0,5.2,18.2,12.5,16.9,1.2,2.5,11.6,27.1,3.3,2.2,5.5,0.208,6.2,2.5,8.7,2,2018-19,SF,5.90,229,248,1962,2000,2629,220.4,2070,0,0
Jerome Robinson,2017-18,Boston College,ACC,35,35,1260,21.3,0.608,0.564,0.386,0.343,668.0,1.5,9.7,5.6,19.5,1.4,0.4,13.9,27.3,3.9,1.0,4.9,0.157,5.5,0.1,5.5,3,2018-19,SG,6.05,229,254,1930,1956,2489,188.4,2013,0,0
Michael Porter Jr.,2017-18,Missouri,SEC,3,1,53,20.0,0.438,0.383,0.333,0.3,27.0,9.4,32.5,21.8,4.6,3.4,2.0,8.0,36.5,0.0,0.1,0.2,0.128,4.6,4.1,8.6,1,,SF,,0,0,0,0,0,nan,0,0,0
Troy Brown,2017-18,Oregon,Pac-12,35,35,1093,16.6,0.532,0.494,0.342,0.326,424.0,5.9,18.0,12.0,18.7,2.9,0.8,18.8,21.0,1.5,1.6,3.1,0.114,1.4,2.3,3.7,1,2018-19,SF,7.05,229,248,1975,2000,2667,208.0,2089,0,0
Zhaire Smith,2017-18,Texas Tech,Big 12,37,21,1051,23.0,0.618,0.588,0.144,0.458,417.0,9.6,11.1,10.4,12.6,2.3,4.8,10.8,18.3,3.3,2.2,5.6,0.212,6.1,4.7,10.8,1,2018-19,SF,6.05,222,210,1899,1930,2540,198.6,2076,0,0
Donte DiVincenzo,2017-18,Villanova,Big East,40,10,1170,20.9,0.608,0.59,0.542,0.274,557.0,4.9,13.9,9.6,20.0,2.0,0.7,15.2,22.4,3.7,1.8,5.5,0.188,6.1,2.9,9.0,3,2018-19,SG,5.00,210,229,1918,1943,2477,200.6,1981,0,0
Lonnie Walker,2017-18,Miami (FL),ACC,32,18,888,16.3,0.527,0.503,0.509,0.204,344.0,1.7,9.2,5.5,13.0,2.0,1.8,9.6,22.4,1.6,1.3,2.8,0.127,2.9,2.3,5.2,1,2018-19,SG,5.65,229,241,1924,1943,2527,196.2,2089,0,0
Kevin Huerter,2017-18,Maryland,Big Ten,32,32,1101,19.4,0.64,0.616,0.543,0.307,457.0,3.7,12.9,8.8,20.3,1.1,2.1,17.8,21.5,3.0,1.6,4.5,0.165,5.7,2.1,7.8,2,2018-19,SG,8.60,210,216,1988,2013,2578,194.0,2019,0,0
Josh Okogie,2017-18,Georgia Tech,ACC,24,24,873,22.3,0.55,0.475,0.313,0.506,421.0,7.3,13.1,10.2,15.6,2.9,2.8,13.3,27.3,2.1,1.3,3.4,0.156,5.8,2.2,8.1,2,2018-19,SG,5.20,229,248,1905,1943,2591,210.8,2134,0,0
Grayson Allen,2017-18,Duke,ACC,37,37,1319,18.8,0.58,0.536,0.637,0.293,574.0,1.8,8.0,5.1,21.2,2.8,0.2,13.8,20.7,4.0,2.0,5.9,0.179,5.0,3.4,8.4,4,2018-19,SG,5.55,210,254,1905,1943,2464,198.0,2013,0,0
Chandler Hutchinson,2017-18,Boise State,MWC,31,31,961,25.9,0.575,0.528,0.296,0.519,603.0,3.4,25.6,14.6,24.1,2.7,0.9,16.2,33.2,2.8,2.2,5.0,0.208,5.1,3.8,8.9,4,,SF,,0,0,0,0,0,nan,0,0,0
Aaron Holiday,2017-18,UCLA,Pac-12,33,33,1244,21.1,0.609,0.557,0.446,0.417,686.0,1.6,8.7,5.3,29.9,1.9,0.7,18.5,26.7,3.7,1.2,4.9,0.157,5.3,0.6,5.9,3,2018-19,PG,6.40,222,216,1822,1848,2464,187.0,2019,0,0
Moritz Wagner,2017-18,Michigan,Big Ten,39,39,1078,24.7,0.619,0.605,0.391,0.264,499.0,6.5,24.7,15.7,6.7,2.1,2.0,10.8,25.9,3.1,2.6,5.7,0.213,5.4,3.8,9.2,3,2018-19,C,6.75,229,273,2096,2121,2743,241.4,2134,0,0
Landry Shamet,2017-18,Wichita State,AAC,32,32,1015,21.4,0.655,0.622,0.603,0.327,476.0,1.6,9.7,5.8,28.8,1.3,0.7,15.5,20.7,3.8,1.1,4.9,0.195,7.3,1.3,8.6,3,2018-19,PG,4.85,203,229,1930,1962,2540,188.6,2000,0,0
Robert Williams,2017-18,Texas A&M,SEC,30,23,769,25.5,0.614,0.632,0.055,0.318,296.0,10.2,26.8,18.9,10.8,1.8,10.4,17.0,19.0,1.5,2.0,3.5,0.184,4.5,6.2,10.6,2,,C,,0,0,0,0,0,nan,0,0,0
Jacob Evans,2017-18,Cincinnati,AAC,36,36,1107,20.5,0.543,0.507,0.43,0.302,461.0,5.2,12.0,8.7,20.0,2.6,3.7,12.7,22.5,2.8,3.1,5.9,0.213,4.7,5.2,9.9,3,2018-19,SG,6.50,229,235,1937,1968,2604,199.6,2064,0,0
Omari Spellman,2017-18,Villanova,Big East,40,39,1125,20.6,0.588,0.573,0.446,0.208,425.0,9.9,23.1,16.8,4.3,1.3,5.5,9.8,18.3,2.9,2.2,5.2,0.184,4.7,2.8,7.5,1,2018-19,PF,13.75,229,229,2032,2064,2731,253.8,2184,0,0
Jevon Carter,2017-18,West Virginia,Big 12,37,37,1313,24.9,0.549,0.498,0.385,0.305,686.0,2.4,13.1,7.5,36.2,4.9,1.2,14.4,25.0,4.3,2.8,7.0,0.214,6.7,5.3,12.0,4,2018-19,PG,4.15,235,216,1835,1867,2413,196.2,1937,0,0
Jalen Brunson,2017-18,Villanova,Big East,40,40,1272,26.1,0.635,0.604,0.407,0.313,745.0,1.2,9.7,5.6,26.6,1.7,0.1,10.7,26.4,6.0,1.7,7.7,0.241,8.0,2.2,10.2,3,2018-19,PG,6.70,210,235,1854,1886,2438,198.4,1930,0,0
Devonte Graham,2017-18,Kansas,Big 12,39,39,1474,21.2,0.568,0.51,0.544,0.406,770.0,2.0,9.6,6.0,31.4,2.4,0.1,15.5,23.9,4.9,1.8,6.7,0.182,6.6,2.0,8.6,4,2018-19,PG,4.80,216,241,1835,1867,2438,186.4,1988,0,0
Melvin Frazier,2017-18,Tulane,AAC,30,30,1032,22.4,0.631,0.61,0.283,0.366,442.0,3.9,14.6,9.3,17.9,3.6,2.2,16.9,22.2,2.4,1.6,3.9,0.152,4.1,2.8,6.9,3,2018-19,SF,7.90,241,241,1943,1981,2667,198.2,2178,0,0
Gary Trent Jr.,2017-18,Duke,ACC,37,37,1253,16.7,0.567,0.528,0.564,0.227,468.0,2.9,10.3,6.8,6.8,1.9,0.4,7.4,19.5,3.3,1.8,5.1,0.163,4.4,2.6,7.0,1,,PG,,0,0,0,0,0,nan,0,0,0
Khyri Thomas,2017-18,Creighton,Big East,33,33,1046,21.8,0.65,0.629,0.442,0.249,474.0,4.0,11.0,7.7,15.1,2.9,0.8,13.4,21.0,3.1,1.7,4.8,0.183,5.3,3.3,8.6,3,2018-19,SG,6.40,222,235,1892,1924,2565,198.8,2096,0,0
Jarred Vanderbilt,2017-18,Kentucky,SEC,14,0,238,21.6,0.476,0.426,0.015,0.559,103.0,23.1,27.9,25.7,10.7,1.4,5.3,14.8,20.8,0.5,0.5,1.0,0.172,3.5,2.9,6.4,1,,PF,,0,0,0,0,0,nan,0,0,0
Bruce Brown,2017-18,Miami (FL),ACC,19,19,640,16.9,0.488,0.457,0.319,0.372,242.0,4.6,20.0,12.4,21.3,2.3,2.5,16.3,21.2,0.7,1.2,1.9,0.121,1.5,3.6,5.1,2,2018-19,SG,3.75,216,216,1918,1956,2502,194.6,2057,0,0
Justin Jackson (UMD),2017-18,Maryland,Big Ten,11,10,321,14.2,0.47,0.416,0.396,0.287,119.0,11.2,21.1,16.6,12.7,1.7,3.0,21.8,24.1,0.0,0.6,0.7,0.083,0.2,1.7,1.9,2,2017-18,SF,7.10,229,241,1975,2007,2718,219.4,2216,0,0
Hamidou Diallo,2017-18,Kentucky,SEC,37,37,918,13.8,0.498,0.47,0.246,0.399,348.0,4.2,11.5,8.1,9.5,1.7,1.6,12.0,22.6,1.1,1.3,2.4,0.103,0.6,2.3,2.9,1,2018-19,SG,4.45,222,229,1937,1981,2616,197.0,2121,0,0
DeAnthony Melton,2016-17,USC,Pac-12,36,25,972,19.2,0.53,0.483,0.32,0.472,351.0,5.9,13.6,9.9,22.5,4.0,3.9,18.5,17.7,1.7,1.5,3.2,0.133,2.6,4.6,7.2,1,2018-19,SG,5.20,216,241,1886,1911,2527,193.2,2045,0,0
Sviatoslav Mykhailiuk,2017-18,Kansas,Big 12,39,39,1346,16.9,0.572,0.556,0.549,0.119,548.0,4.0,8.6,6.4,13.4,1.9,0.9,11.5,21.0,3.1,1.5,4.6,0.137,4.5,2.0,6.6,4,2018-19,SG,8.45,210,241,1994,2026,2540,211.6,1949,0,0
Keita Bates-Diop,2017-18,Ohio State,Big Ten,34,34,1125,27.5,0.577,0.544,0.357,0.274,604.0,5.7,24.5,15.6,10.5,1.6,5.9,9.5,29.4,3.6,2.5,6.1,0.216,7.8,3.3,11.1,4,2018-19,SG,5.35,229,216,2013,2045,2705,223.8,2216,0,0
Chimezie Metu,2017-18,USC,Pac-12,34,33,1053,23.5,0.574,0.538,0.102,0.388,497.0,7.2,21.1,14.2,10.0,1.5,6.3,12.8,25.8,2.6,1.8,4.4,0.167,3.1,2.5,5.6,3,2018-19,PF,5.05,229,235,2045,2070,2743,219.6,2146,0,0
Alize Johnson,2017-18,Missouri State,MVC,33,33,1028,24.1,0.528,0.481,0.365,0.363,517.0,11.4,30.4,21.0,19.3,0.9,1.5,13.6,27.1,2.7,2.0,4.7,0.183,5.6,0.3,5.9,2,2018-19,PF,8.10,216,248,2013,2032,2616,216.6,2051,0,0
Tony Carr,2017-18,Penn State,Big Ten,37,37,1308,22.2,0.527,0.482,0.338,0.307,736.0,3.0,13.4,8.2,29.3,1.4,0.9,11.0,29.9,4.0,1.9,6.0,0.182,7.0,1.2,8.2,2,2018-19,PG,6.50,216,248,1905,1943,2540,198.8,2038,0,0
Vince Edwards,2017-18,Purdue,Big Ten,35,35,1106,21.8,0.587,0.544,0.339,0.317,531.0,8.4,18.6,13.9,17.1,1.0,2.0,14.0,23.8,3.4,2.1,5.4,0.197,6.0,2.1,8.1,4,,SF,,0,0,0,0,0,nan,0,0,0
Devon Hall,2017-18,Virginia,ACC,34,34,1091,20.3,0.599,0.552,0.454,0.292,392.0,1.4,14.9,8.3,19.6,1.8,0.6,9.6,19.5,3.3,2.6,5.9,0.215,5.5,4.6,10.1,4,2018-19,SG,8.45,216,254,1937,1981,2591,206.4,2026,0,0
Shake Milton,2017-18,SMU,AAC,22,22,800,24.2,0.606,0.551,0.471,0.405,381.0,2.1,13.5,7.7,25.9,2.4,2.3,13.3,25.0,2.8,1.3,4.2,0.208,6.8,2.0,8.7,3,2018-19,SG,6.80,222,241,1943,1968,2527,207.2,2153,0,0
Ray Spalding,2017-18,Louisville,ACC,36,34,995,25.6,0.568,0.55,0.056,0.338,452.0,13.2,20.9,17.3,9.6,3.1,6.3,13.5,22.9,2.4,2.4,4.8,0.193,4.1,4.1,8.2,3,2018-19,PF,5.55,235,229,2057,2089,2769,215.4,2254,0,0
Kevin Hervey,2017-18,Texas-Arlington,Sun Belt,33,25,1064,23.7,0.553,0.517,0.417,0.257,624.0,8.0,19.9,14.2,15.2,2.1,2.2,12.8,31.0,2.6,2.0,4.6,0.174,5.1,0.4,5.5,4,2018-19,PF,5.15,235,260,1994,2026,2718,211.6,2222,0,0
Thomas Welsh,2017-18,UCLA,Pac-12,33,33,1096,20.3,0.577,0.552,0.335,0.174,414.0,9.1,25.8,17.8,7.8,1.1,2.8,8.6,17.7,2.8,1.7,4.5,0.162,4.5,1.3,5.8,4,2017-18,PF,10.90,229,267,2121,2146,2781,254.0,2134,0,0
George King,2017-18,Colorado,Pac-12,32,31,913,18.8,0.574,0.542,0.492,0.273,384.0,7.2,23.3,15.5,8.2,1.1,2.6,15.1,23.3,1.7,1.3,3.0,0.132,3.2,1.6,4.7,4,2018-19,SF,7.25,229,260,1949,1981,2578,218.6,2121,0,0
Kostas Antetokounmpo,2017-18,Dayton,A-10,29,6,438,13.7,0.575,0.584,0.149,0.634,142.0,7.3,16.9,12.3,5.9,1.0,8.3,22.9,20.9,0.2,0.5,0.7,0.062,-3.3,1.2,-2.1,1,2018-19,PF,5.00,235,241,2057,2096,2794,194.8,2191,0,0
