player_name,season,school_name,conf_abbr,g,gs,mp,per,ts_pct,efg_pct,fg3a_per_fga_pct,fta_per_fga_pct,pprod,orb_pct,drb_pct,trb_pct,ast_pct,stl_pct,blk_pct,tov_pct,usg_pct,ows,dws,ws,ws_per_40,obpm,dbpm,bpm,years
Anthony Davis,2011-12,Kentucky,SEC,40,40,1281,35.1,0.654,0.628,0.059,0.602,550.0,11.6,25.6,19.0,7.5,2.5,13.7,8.6,18.8,5.9,4.1,9.9,0.31,9.1,8.1,17.2,1
Michael Kidd-Gilchrist,2011-12,Kentucky,SEC,40,39,1245,21.2,0.57,0.511,0.156,0.589,497.0,10.3,17.3,14.0,10.8,1.9,2.8,17.3,20.6,3.4,2.6,6.0,0.192,4.1,3.6,7.7,1
Bradley Beal,2011-12,Florida,SEC,37,37,1267,22.0,0.575,0.525,0.473,0.44,522.0,4.8,20.3,12.3,12.7,2.5,2.6,14.3,23.0,3.6,2.1,5.7,0.18,5.4,2.9,8.4,1
Dion Waiters,2011-12,Syracuse,Big East,37,0,891,26.3,0.565,0.534,0.317,0.331,430.0,2.4,8.8,5.6,21.2,4.6,1.5,10.4,26.7,3.2,1.7,5.0,0.223,6.0,4.8,10.8,2
Thomas Robinson,2011-12,Kansas,Big 12,39,39,1242,27.4,0.549,0.512,0.027,0.462,660.0,11.1,33.0,22.2,13.1,2.0,2.9,14.2,30.0,3.7,3.5,7.2,0.231,5.4,3.4,8.8,3
Damian Lillard,2011-12,Weber State,Big Sky,32,32,1105,34.0,0.635,0.562,0.465,0.519,746.0,1.9,15.8,9.0,27.1,2.5,0.7,10.7,33.0,6.7,1.4,8.0,0.291,9.1,0.7,9.8,4
Harrison Barnes,2011-12,UNC,ACC,38,37,1111,21.2,0.528,0.487,0.263,0.374,571.0,6.9,11.9,9.4,7.2,2.0,1.1,10.8,28.1,3.1,1.9,5.0,0.181,4.5,2.3,6.8,2
Terrence Ross,2011-12,Washington,Pac-12,35,35,1088,22.3,0.558,0.534,0.413,0.2,504.0,4.7,19.2,11.6,9.2,2.3,3.0,12.0,25.3,3.0,1.8,4.9,0.178,5.1,2.8,7.9,2
Andre Drummond,2011-12,UConn,Big East,34,30,967,21.9,0.509,0.538,0.007,0.301,328.0,14.2,17.0,15.6,3.4,1.8,9.9,13.5,20.9,1.4,1.5,2.9,0.121,2.0,2.9,4.9,1
Austin Rivers,2011-12,Duke,ACC,34,33,1129,16.9,0.538,0.505,0.396,0.458,488.0,2.2,10.0,6.0,13.0,1.7,0.1,13.9,25.2,2.4,1.0,3.5,0.124,3.2,0.8,4.0,1
Meyers Leonard,2011-12,Illinois,Big Ten,32,29,1018,24.1,0.618,0.586,0.038,0.436,409.0,9.1,25.9,17.1,9.9,0.9,6.9,16.2,22.0,2.9,1.8,4.6,0.182,3.6,3.6,7.2,2
Jeremy Lamb,2011-12,UConn,Big East,34,34,1266,22.1,0.589,0.556,0.465,0.267,524.0,3.0,12.2,7.7,10.1,2.1,1.7,11.7,23.9,3.9,1.3,5.2,0.165,5.7,2.0,7.8,2
Kendall Marshall,2011-12,UNC,ACC,36,35,1189,17.2,0.558,0.529,0.351,0.351,420.0,0.5,7.9,4.2,45.1,2.0,0.5,27.8,13.9,2.6,1.8,4.4,0.147,3.8,2.8,6.6,2
John Henson,2011-12,UNC,ACC,35,34,1019,24.7,0.505,0.5,0.0,0.329,439.0,9.0,27.1,17.9,8.0,1.1,9.6,8.7,23.1,2.3,2.7,5.0,0.195,4.0,5.0,9.0,3
Maurice Harkless,2011-12,St. John's (NY),Big East,32,32,1155,21.1,0.504,0.472,0.185,0.326,476.0,8.4,20.3,14.0,9.6,2.6,4.2,14.0,24.9,1.8,1.3,3.2,0.109,3.0,1.0,4.0,1
Royce White,2011-12,Iowa State,Big 12,34,33,1072,22.8,0.536,0.54,0.037,0.625,528.0,9.4,26.2,17.7,34.5,2.2,3.0,23.4,26.5,2.1,2.0,4.1,0.152,4.3,3.8,8.2,1
Tyler Zeller,2011-12,UNC,ACC,38,38,1070,29.9,0.616,0.553,0.0,0.563,580.0,14.1,21.9,17.9,6.3,1.7,5.3,12.6,24.5,4.6,2.5,7.1,0.265,6.8,3.9,10.7,4
Terrence Jones,2011-12,Kentucky,SEC,38,34,1115,24.3,0.547,0.523,0.138,0.446,465.0,10.7,17.5,14.3,8.7,2.7,5.8,12.6,22.4,3.1,2.7,5.8,0.209,5.2,4.9,10.2,2
Andrew Nicholson,2011-12,St. Bonaventure,A-10,32,32,962,31.6,0.638,0.601,0.138,0.429,515.0,11.1,25.1,18.1,9.4,1.3,7.3,14.7,29.5,4.0,1.7,5.8,0.24,7.2,2.1,9.4,8
Jared Sullinger,2011-12,Ohio State,Big Ten,37,36,1123,30.2,0.591,0.538,0.091,0.519,610.0,12.4,25.8,18.9,8.6,2.3,4.0,11.5,27.9,4.8,3.0,7.9,0.28,7.5,4.1,11.7,2
Fab Melo,2011-12,Syracuse,Big East,30,30,763,20.7,0.581,0.566,0.0,0.347,237.0,12.3,14.6,13.5,5.0,1.2,13.0,17.6,16.5,1.5,1.5,3.0,0.156,1.0,4.3,5.3,2
John Jenkins,2011-12,Vanderbilt,SEC,35,35,1177,26.0,0.656,0.62,0.666,0.334,579.0,1.7,9.1,5.4,8.4,1.5,1.0,9.4,26.2,5.4,1.1,6.5,0.223,10.3,1.5,11.8,3
Jared Cunningham,2011-12,Oregon State,Pac-12,36,35,1245,22.1,0.568,0.507,0.336,0.614,609.0,3.4,10.4,6.8,15.7,4.1,1.2,15.2,26.0,3.4,1.6,5.0,0.162,3.4,1.6,5.0,3
Tony Wroten,2011-12,Washington,Pac-12,35,27,1062,20.4,0.488,0.453,0.125,0.591,579.0,8.0,10.7,9.3,24.5,3.5,1.2,18.7,31.2,1.6,1.6,3.2,0.12,2.5,2.2,4.7,1
Miles Plumlee,2011-12,Duke,ACC,34,16,697,21.8,0.621,0.61,0.0,0.521,247.0,16.6,24.6,20.6,5.1,1.5,4.2,18.7,16.1,1.9,1.2,3.1,0.177,4.1,2.1,6.2,4
Arnett Moultrie,2009-10,UTEP,CUSA,33,33,955,16.2,0.515,0.491,0.145,0.301,326.0,8.1,17.4,13.0,8.1,2.7,3.2,18.2,20.2,0.8,2.3,3.1,0.131,,,,3
Arnett Moultrie,2011-12,Mississippi State,SEC,30,30,1073,25.2,0.61,0.561,0.055,0.485,479.0,12.2,23.5,17.7,7.0,1.4,2.1,15.3,23.3,3.6,1.4,5.0,0.186,4.8,0.4,5.2,3
Perry Jones,2011-12,Baylor,Big 12,33,33,1013,21.2,0.539,0.514,0.091,0.28,421.0,11.0,19.8,15.4,8.7,1.6,2.1,12.0,23.3,2.7,1.6,4.2,0.167,3.7,1.5,5.2,2
Marquis Teague,2011-12,Kentucky,SEC,40,40,1303,13.2,0.491,0.449,0.227,0.338,457.0,1.6,7.1,4.5,25.6,1.7,0.8,21.1,20.2,1.7,1.8,3.5,0.108,0.8,1.4,2.3,1
Festus Ezeli,2011-12,Vanderbilt,SEC,26,22,603,21.0,0.567,0.539,0.0,0.842,254.0,13.0,19.2,16.1,2.9,1.1,9.0,20.1,25.2,1.1,1.0,2.1,0.14,0.4,3.3,3.7,4
Jeffery Taylor,2011-12,Vanderbilt,SEC,36,36,1157,23.7,0.58,0.57,0.366,0.369,546.0,8.4,13.3,10.9,12.6,2.4,1.4,13.6,26.4,3.6,1.6,5.2,0.18,6.2,1.8,8.0,8
Bernard James ,2011-12,Florida State,ACC,35,35,979,23.3,0.602,0.606,0.0,0.448,359.0,13.6,21.4,17.6,3.6,1.6,9.5,18.9,20.0,2.0,2.3,4.3,0.176,3.6,4.0,7.6,2
Jae Crowder,2011-12,Marquette,Big East,35,35,1153,28.8,0.598,0.568,0.406,0.372,551.0,7.0,22.6,14.7,13.5,4.3,3.1,7.9,23.4,4.5,3.1,7.6,0.263,8.4,5.4,13.8,2
Draymond Green,2011-12,Michigan State,Big Ten,37,36,1229,26.1,0.542,0.504,0.284,0.367,610.0,8.2,30.7,19.8,24.2,2.7,3.3,16.8,28.2,3.5,3.6,7.1,0.23,6.5,5.6,12.1,4
Orlando Johnson,2007-08,Loyola Marymount,WCC,31,30,807,,0.504,0.474,0.387,0.372,,,,,,,,17.4,,0.8,-0.2,0.5,0.026,,,,4
Orlando Johnson,2011-12,UCSB,Big West,31,31,1067,26.0,0.56,0.527,0.357,0.397,569.0,5.8,13.8,9.9,19.0,2.0,2.4,12.2,30.5,4.0,1.2,5.2,0.194,6.5,-0.2,6.3,4
Quincy Acy,2011-12,Baylor,Big 12,38,38,1130,23.5,0.638,0.582,0.018,0.635,436.0,10.9,20.0,15.5,6.5,1.8,6.6,16.6,19.0,3.5,2.0,5.6,0.198,3.4,3.4,6.9,4
Quincy Miller,2011-12,Baylor,Big 12,37,35,903,19.4,0.541,0.485,0.223,0.369,377.0,7.5,17.5,12.5,11.6,1.7,2.9,15.4,23.9,2.1,1.3,3.5,0.153,3.4,1.9,5.3,1
Khris Middleton,2011-12,Texas A&M,Big 12,20,17,575,18.9,0.486,0.455,0.313,0.211,251.0,5.4,17.1,11.0,20.0,2.1,1.0,13.7,29.7,0.7,0.9,1.6,0.114,4.3,1.9,6.2,3
Will Barton,2011-12,Memphis,CUSA,35,34,1236,26.6,0.587,0.55,0.237,0.396,617.0,7.6,20.2,14.2,17.4,2.4,2.1,12.3,25.8,4.6,2.6,7.2,0.232,6.9,2.8,9.8,2
Tyshawn Taylor,2011-12,Kansas,Big 12,39,38,1303,19.8,0.569,0.538,0.321,0.42,635.0,0.7,7.5,4.2,29.7,2.4,0.5,19.5,27.5,3.1,2.1,5.2,0.159,5.0,2.2,7.2,4
Doron Lamb,2011-12,Kentucky,SEC,40,35,1249,19.2,0.624,0.577,0.442,0.404,482.0,1.5,8.2,5.1,8.8,0.9,0.2,9.1,19.7,4.6,1.6,6.2,0.197,5.3,1.9,7.3,2
Mike Scott,2011-12,Virginia,ACC,32,32,999,30.7,0.62,0.571,0.052,0.45,522.0,9.7,26.2,18.0,10.7,1.4,1.8,12.6,30.9,4.2,2.6,6.8,0.27,7.7,2.6,10.4,5
Kim English,2011-12,Missouri,Big 12,35,35,1175,20.6,0.658,0.64,0.518,0.366,446.0,3.4,13.0,8.3,8.6,2.3,0.9,13.3,20.0,3.7,1.3,5.0,0.171,5.8,1.3,7.1,4
Justin Hamilton,2009-10,Iowa State,Big 12,31,31,663,18.0,0.643,0.617,0.0,0.583,202.0,13.9,13.4,13.7,2.9,0.7,4.8,16.4,13.6,1.6,0.9,2.5,0.15,,,,3
Justin Hamilton,2011-12,LSU,SEC,33,32,990,22.7,0.553,0.498,0.038,0.428,408.0,11.8,17.2,14.2,7.0,1.5,4.7,12.9,22.6,2.6,1.7,4.3,0.172,3.8,2.1,5.9,3
Darius Miller,2011-12,Kentucky,SEC,40,11,1043,18.1,0.593,0.566,0.493,0.228,384.0,4.3,7.9,6.2,14.4,1.9,1.2,14.8,19.2,2.9,1.6,4.5,0.173,4.5,3.1,7.5,4
Kevin Murphy,2011-12,Tennessee Tech,OVC,33,32,1139,20.8,0.549,0.518,0.353,0.32,608.0,3.3,16.7,9.8,16.3,1.4,0.7,14.8,32.3,2.7,0.9,3.7,0.128,2.8,-2.2,0.6,8
Kyle O'Quinn,2011-12,Norfolk State,MEAC,36,36,1125,28.6,0.616,0.581,0.089,0.626,548.0,12.0,27.9,19.8,10.9,1.3,9.2,17.0,24.9,3.7,2.5,6.2,0.219,3.2,1.8,5.0,8
Kris Joseph,2011-12,Syracuse,Big East,37,37,1192,19.7,0.534,0.486,0.379,0.403,462.0,5.5,11.6,8.6,8.7,2.6,2.2,10.6,22.5,3.0,2.0,5.0,0.168,4.4,2.2,6.6,16
Darius Johnson-Odom,2011-12,Marquette,Big East,34,33,1120,20.1,0.568,0.529,0.426,0.351,551.0,2.3,10.1,6.1,17.7,1.6,0.4,12.7,27.2,3.1,1.5,4.7,0.167,5.3,1.5,6.8,9
Robbie Hummel,2011-12,Purdue,Big Ten,35,35,1128,25.7,0.54,0.495,0.404,0.295,533.0,5.5,24.3,14.0,12.6,1.3,4.2,5.7,26.3,4.2,1.4,5.6,0.197,7.8,1.6,9.4,4
Marcus Denmon,2011-12,Missouri,Big 12,35,35,1212,25.6,0.621,0.574,0.559,0.308,561.0,3.9,15.1,9.6,11.5,2.7,0.1,7.6,23.6,5.2,1.5,6.7,0.221,8.7,1.3,10.0,4
Robert Sacre,2011-12,Gonzaga,WCC,33,33,868,22.3,0.595,0.511,0.009,0.86,370.0,9.9,20.2,15.1,5.7,0.8,5.8,15.7,22.9,2.6,1.6,4.2,0.194,2.4,2.2,4.6,5
Anthony Bennett,2012-13,UNLV,MWC,35,31,950,28.3,0.609,0.58,0.253,0.467,488.0,10.3,24.0,17.1,8.8,1.5,4.6,12.3,27.5,3.5,2.2,5.7,0.238,6.1,2.5,8.6,1
Victor Oladipo,2012-13,Indiana,Big Ten,36,36,1021,28.9,0.671,0.648,0.224,0.428,478.0,11.8,15.1,13.5,15.2,4.6,2.8,18.5,22.2,4.2,2.6,6.7,0.264,8.9,6.2,15.1,3
Otto Porter,2012-13,Georgetown,Big East,31,30,1097,27.3,0.59,0.541,0.291,0.449,477.0,6.7,20.9,13.9,18.5,3.3,3.0,10.0,24.1,4.2,3.0,7.1,0.26,8.2,5.4,13.7,2
Cody Zeller,2012-13,Indiana,Big Ten,36,36,1062,29.8,0.624,0.564,0.006,0.734,567.0,12.3,20.4,16.6,9.5,2.1,4.4,14.5,26.5,4.8,2.5,7.3,0.274,7.2,3.8,11.1,2
Alex Len,2012-13,Maryland,ACC,38,37,1004,24.5,0.57,0.535,0.025,0.472,434.0,13.2,21.0,17.2,7.8,0.5,8.0,13.1,22.8,3.0,2.0,5.0,0.2,3.6,3.2,6.8,2
Nerlens Noel,2012-13,Kentucky,SEC,24,24,765,27.3,0.583,0.59,0.0,0.627,257.0,10.4,23.9,17.4,9.5,3.9,13.2,17.3,17.4,1.6,2.3,3.9,0.206,4.3,7.8,12.1,1
Ben McLemore,2012-13,Kansas,Big 12,37,36,1191,23.2,0.633,0.586,0.435,0.345,530.0,5.0,13.2,9.4,12.6,1.8,2.2,14.2,23.2,4.2,2.3,6.5,0.217,7.2,3.4,10.5,1
Kentavious Caldwell-Pope,2012-13,Georgia,SEC,32,30,1086,27.7,0.579,0.53,0.523,0.393,521.0,4.3,21.3,12.9,16.8,3.8,1.9,11.1,29.2,3.9,2.4,6.2,0.23,8.4,4.1,12.5,2
Trey Burke,2012-13,Michigan,Big Ten,39,39,1378,28.7,0.569,0.53,0.354,0.296,776.0,1.9,9.6,5.7,37.3,2.8,1.5,11.9,28.3,6.7,1.8,8.6,0.249,9.4,3.7,13.1,2
C.J. McCollum,2012-13,Lehigh,Patriot,12,11,372,34.7,0.628,0.58,0.33,0.376,250.0,4.0,15.8,10.0,24.9,2.7,1.2,12.3,37.2,1.9,0.6,2.4,0.261,9.0,0.3,9.3,4
Michael Carter-Williams,2012-13,Syracuse,Big East,40,40,1409,20.9,0.491,0.438,0.302,0.472,580.0,4.0,12.7,8.2,40.1,4.7,1.8,22.2,22.2,2.7,3.5,6.1,0.174,4.0,5.5,9.4,2
Steven Adams,2012-13,Pitt,Big East,32,32,749,23.2,0.555,0.571,0.0,0.4,228.0,15.3,21.0,18.0,5.4,1.9,11.2,14.4,17.7,1.6,1.9,3.5,0.185,4.0,4.2,8.1,1
Kelly Olynyk,2012-13,Gonzaga,WCC,32,27,845,36.2,0.675,0.642,0.088,0.497,516.0,11.8,22.6,17.4,15.1,1.6,5.1,15.4,30.7,4.7,1.9,6.7,0.315,10.4,3.6,13.9,3
Shabazz Muhammad,2012-13,UCLA,Pac-12,32,30,987,21.9,0.528,0.487,0.232,0.395,520.0,9.9,9.3,9.6,5.8,1.3,0.4,8.6,29.8,2.9,0.8,3.7,0.149,5.8,-1.1,4.7,4
Shane Larkin,2012-13,Miami (FL),ACC,36,35,1311,22.6,0.6,0.569,0.445,0.293,537.0,1.6,11.4,6.5,26.1,3.4,0.3,15.9,21.3,4.3,2.3,6.5,0.199,5.2,3.8,9.1,4
Tony Snell,2012-13,New Mexico,MWC,35,35,1093,17.0,0.562,0.516,0.481,0.299,408.0,1.6,8.9,5.2,22.4,1.6,1.9,15.6,22.8,2.1,1.5,3.6,0.133,4.1,2.1,6.2,3
Gorgui Dieng,2012-13,Louisville,Big East,33,32,1026,23.8,0.562,0.534,0.0,0.479,352.0,12.9,23.6,18.1,12.3,2.6,9.4,17.0,17.0,2.5,3.2,5.6,0.219,5.1,6.4,11.5,3
Mason Plumlee,2012-13,Duke,ACC,36,36,1248,26.3,0.628,0.599,0.0,0.688,605.0,9.7,25.1,17.4,11.5,1.7,4.0,17.4,24.5,4.3,2.6,6.9,0.22,5.9,3.6,9.5,4
Solomon Hill,2012-13,Arizona,Pac-12,35,35,1154,20.1,0.579,0.541,0.423,0.359,468.0,6.6,13.9,10.2,16.8,2.1,1.8,16.0,21.4,3.3,1.8,5.1,0.176,5.6,2.7,8.3,4
Tim Hardaway Jr.,2012-13,Michigan,Big Ten,38,38,1324,17.7,0.538,0.516,0.424,0.241,505.0,0.8,16.3,8.4,13.0,1.2,1.4,12.2,23.7,2.8,1.7,4.5,0.136,3.6,1.8,5.5,3
Reggie Bullock,2012-13,UNC,ACC,35,35,1100,23.7,0.625,0.607,0.567,0.205,460.0,6.7,17.2,11.5,16.6,2.2,0.9,9.9,18.5,4.1,1.6,5.7,0.207,8.1,2.9,11.1,3
Andre Roberson,2012-13,Colorado,Pac-12,31,30,1036,21.9,0.524,0.515,0.211,0.356,348.0,10.6,29.4,20.0,9.4,3.9,4.4,18.7,19.9,1.4,2.9,4.3,0.166,3.3,4.8,8.1,9
Archie Goodwin,2012-13,Kentucky,SEC,33,33,1048,16.9,0.509,0.464,0.179,0.594,467.0,5.6,11.2,8.5,16.8,2.1,1.4,18.1,27.2,1.6,1.5,3.1,0.117,1.0,1.1,2.1,2
Allen Crabbe,2012-13,California,Pac-12,33,33,1195,22.3,0.568,0.528,0.393,0.297,548.0,3.3,16.0,9.8,16.2,1.9,1.9,13.5,26.6,3.3,1.8,5.1,0.17,6.0,2.4,8.4,6
Carrick Felix,2012-13,Arizona State,Pac-12,35,34,1235,21.5,0.586,0.569,0.368,0.323,481.0,7.1,20.0,13.6,9.6,2.4,3.2,13.8,21.3,3.0,2.1,5.1,0.165,3.7,2.3,6.0,3
Isaiah Canaan,2012-13,Murray State,OVC,31,30,1131,25.2,0.576,0.525,0.509,0.371,650.0,2.0,10.0,5.9,27.6,2.5,0.4,14.3,30.9,4.5,1.3,5.9,0.207,5.8,0.0,5.8,4
Glen Rice Jr.,2011-12,Georgia Tech,ACC,21,10,628,23.0,0.539,0.525,0.404,0.296,266.0,8.0,20.7,14.2,19.1,2.8,3.3,15.9,25.9,1.3,1.1,2.4,0.156,5.3,2.8,8.0,3
Ray McCallum,2012-13,Detroit,Horizon,33,33,1208,25.7,0.578,0.539,0.298,0.47,617.0,4.0,14.3,8.7,23.8,3.0,1.8,11.3,24.4,4.7,1.3,6.0,0.2,6.3,1.1,7.3,3
Tony Mitchell,2012-13,North Texas,Sun Belt,32,29,1037,20.8,0.53,0.487,0.314,0.494,395.0,8.4,23.1,15.4,5.7,1.8,8.5,16.6,22.7,1.6,1.8,3.3,0.128,1.0,1.2,2.2,2
Nate Wolters,2012-13,South Dakota State,Summit,33,33,1256,32.0,0.604,0.549,0.339,0.461,750.0,3.7,15.4,9.5,34.3,2.8,0.4,11.2,29.8,7.0,1.6,8.5,0.272,8.3,1.3,9.6,4
Jeff Withey,2012-13,Kansas,Big 12,37,36,1144,27.2,0.621,0.583,0.003,0.604,467.0,8.8,22.3,16.1,6.2,1.4,13.7,15.1,21.5,3.4,3.2,6.6,0.231,4.9,6.6,11.5,4
Grant Jerrett,2012-13,Arizona,Pac-12,34,2,606,16.6,0.535,0.513,0.513,0.143,170.0,7.6,17.9,12.7,5.7,1.6,5.8,10.4,15.6,1.2,1.1,2.3,0.15,3.5,3.2,6.6,1
Jamaal Franklin,2012-13,San Diego State,MWC,32,32,1058,24.8,0.536,0.461,0.367,0.546,544.0,6.2,28.8,17.3,21.6,2.9,2.6,17.9,29.9,2.5,2.8,5.3,0.202,4.2,4.3,8.5,3
Pierre Jackson,2012-13,Baylor,Big 12,36,35,1252,26.0,0.574,0.514,0.484,0.474,749.0,2.2,10.3,6.2,40.7,2.5,0.0,16.4,29.5,5.3,1.6,7.0,0.222,8.5,2.0,10.5,4
Mike Muscala,2012-13,Bucknell,Patriot,34,34,1079,35.7,0.575,0.513,0.036,0.509,624.0,11.8,31.1,21.8,18.5,1.0,7.8,9.5,31.6,5.3,3.0,8.3,0.307,8.6,3.9,12.5,8
Erick Green,2012-13,Virginia Tech,ACC,32,32,1166,31.6,0.592,0.53,0.285,0.485,753.0,1.4,11.6,6.3,27.0,2.1,0.6,9.3,32.4,6.2,0.3,6.5,0.222,10.1,1.3,11.4,8
Ryan Kelly,2012-13,Duke,ACC,23,23,664,23.5,0.586,0.535,0.392,0.401,286.0,6.9,15.4,11.2,11.0,1.4,5.4,8.4,21.4,2.4,1.1,3.5,0.21,7.2,4.0,11.1,4
Erik Murphy,2012-13,Florida,SEC,36,34,952,24.4,0.643,0.629,0.5,0.16,394.0,7.8,19.2,13.5,11.0,1.5,3.1,13.0,22.5,3.6,2.4,6.0,0.253,7.3,4.3,11.6,4
James Ennis,2012-13,Long Beach State,Big West,33,32,1093,25.3,0.616,0.565,0.415,0.407,517.0,6.9,17.0,11.9,14.4,3.1,4.2,18.3,24.9,3.4,1.4,4.7,0.173,5.7,1.4,7.1,2
Romero Osby,2009-10,Mississippi State,SEC,35,3,457,14.9,0.549,0.529,0.328,0.345,154.0,8.4,12.0,10.3,9.7,1.0,2.5,19.7,19.1,0.6,0.7,1.3,0.115,,,,4
Romero Osby,2012-13,Oklahoma,Big 12,32,31,912,28.9,0.604,0.539,0.051,0.586,473.0,8.2,21.4,14.6,10.2,1.3,3.2,9.0,26.0,4.2,1.4,5.6,0.244,7.8,2.1,10.0,4
Lorenzo Brown,2012-13,NC State,ACC,33,32,1129,19.9,0.509,0.449,0.228,0.419,500.0,2.4,12.3,7.5,36.7,3.4,1.6,22.2,22.8,2.3,1.3,3.6,0.127,3.5,2.0,5.5,3
Colton Iverson,2010-11,Minnesota,Big Ten,31,11,568,14.5,0.485,0.446,0.0,0.685,183.0,12.8,17.7,15.4,11.5,1.5,4.3,21.8,19.9,0.4,0.7,1.1,0.076,-1.2,1.6,0.3,4
Colton Iverson,2012-13,Colorado State,MWC,35,35,1033,27.4,0.602,0.596,0.0,0.723,477.0,13.3,28.2,20.4,9.9,1.2,2.9,14.3,23.8,3.9,1.8,5.7,0.219,6.4,1.5,7.9,4
Arsalan Kazemi,2011-12,Rice,CUSA,33,32,970,27.4,0.628,0.594,0.004,0.808,407.0,10.2,31.4,20.7,15.3,4.1,3.5,17.0,20.0,3.0,2.7,5.6,0.231,3.5,3.5,6.9,8
Arsalan Kazemi,2012-13,Oregon,Pac-12,35,27,1016,24.4,0.627,0.595,0.005,0.795,340.0,11.5,31.5,21.2,9.2,4.1,2.4,16.6,15.2,2.7,3.0,5.7,0.226,5.3,5.4,10.8,8
Peyton Siva,2012-13,Louisville,Big East,40,40,1247,17.5,0.513,0.459,0.384,0.285,463.0,1.1,8.1,4.5,34.3,4.3,0.6,21.3,20.0,2.3,3.0,5.3,0.17,2.6,4.7,7.3,4
Alex Oriakhi,2011-12,UConn,Big East,34,28,731,15.5,0.511,0.495,0.0,0.383,215.0,9.5,16.6,13.1,2.8,0.3,6.4,15.6,18.8,0.8,0.8,1.6,0.087,-0.5,1.3,0.7,4
Alex Oriakhi,2012-13,Missouri,SEC,34,34,878,27.2,0.674,0.639,0.0,0.657,361.0,14.1,23.7,18.9,2.6,1.3,6.4,14.2,18.5,3.4,1.6,5.1,0.23,5.7,2.7,8.4,4
Deshaun Thomas,2012-13,Ohio State,Big Ten,37,37,1309,24.2,0.551,0.506,0.358,0.29,651.0,5.8,15.0,10.3,8.6,0.9,1.0,7.3,29.1,4.8,2.0,6.9,0.209,7.9,1.1,9.0,9
Andrew Wiggins,2013-14,Kansas,Big 12,35,35,1148,21.4,0.563,0.499,0.299,0.538,564.0,8.4,12.3,10.4,9.2,2.1,3.1,13.1,26.3,3.2,1.7,4.9,0.17,5.7,2.6,8.3,1
Jabari Parker,2013-14,Duke,ACC,35,35,1074,28.4,0.558,0.511,0.212,0.429,623.0,11.4,23.1,17.1,8.6,2.1,4.0,11.9,32.7,3.6,1.9,5.5,0.205,6.6,1.0,7.6,1
Joel Embiid,2013-14,Kansas,Big 12,28,20,647,28.2,0.655,0.629,0.029,0.836,307.0,12.7,27.3,20.5,11.5,2.3,11.7,21.6,23.4,1.8,1.7,3.4,0.213,5.0,6.9,11.9,1
Aaron Gordon,2013-14,Arizona,Pac-12,38,38,1187,20.4,0.503,0.516,0.118,0.471,469.0,10.4,19.3,14.9,13.0,1.8,3.4,10.5,23.2,2.1,3.3,5.4,0.183,3.7,4.7,8.4,2
Marcus Smart,2013-14,Oklahoma State,Big 12,31,31,1014,26.9,0.552,0.486,0.425,0.648,589.0,5.1,14.9,10.2,30.1,5.0,1.9,14.0,29.2,3.1,2.5,5.6,0.22,6.5,5.5,12.0,2
Julius Randle,2013-14,Kentucky,SEC,40,40,1233,24.5,0.567,0.505,0.046,0.739,599.0,13.3,24.7,19.2,10.0,1.0,2.6,16.1,25.4,3.5,2.4,5.9,0.191,5.4,2.1,7.5,1
Nik Stauskas,2013-14,Michigan,Big Ten,36,36,1281,22.7,0.642,0.586,0.528,0.518,594.0,1.6,8.8,5.3,18.8,1.0,0.9,12.0,24.4,5.0,1.1,6.2,0.193,8.4,0.9,9.3,2
Noah Vonleh,2013-14,Indiana,Big Ten,30,29,794,22.2,0.604,0.56,0.153,0.62,321.0,10.8,27.3,19.4,4.9,1.9,5.4,18.6,21.4,1.6,2.0,3.6,0.182,2.9,3.7,6.6,1
Elfrid Payton,2013-14,Louisiana,Sun Belt,35,34,1258,25.2,0.551,0.524,0.116,0.648,732.0,7.1,11.7,9.4,32.9,3.6,1.7,17.2,27.6,3.7,1.9,5.6,0.177,5.1,1.7,6.8,3
Doug McDermott,2013-14,Creighton,Big East,35,35,1181,32.8,0.644,0.603,0.341,0.329,788.0,6.4,17.8,12.6,11.5,0.4,0.5,7.9,36.2,6.3,1.4,7.7,0.261,11.4,-0.5,10.9,8
Zach LaVine,2013-14,UCLA,Pac-12,37,1,904,14.6,0.545,0.524,0.444,0.236,324.0,2.4,9.5,6.1,12.6,2.1,0.8,11.6,20.1,1.4,1.2,2.5,0.111,1.7,1.2,2.9,1
T.J. Warren,2013-14,NC State,ACC,35,35,1238,31.3,0.574,0.548,0.178,0.347,775.0,10.8,12.7,11.8,8.6,3.1,1.8,9.9,35.5,4.7,1.7,6.5,0.209,9.2,1.6,10.8,2
Adreian Payne,2013-14,Michigan State,Big Ten,31,28,870,25.1,0.607,0.565,0.294,0.39,443.0,6.8,22.9,15.2,10.2,1.0,3.8,13.1,28.9,2.7,1.7,4.3,0.2,5.5,2.0,7.5,8
James Young,2013-14,Kentucky,SEC,40,39,1296,16.6,0.536,0.498,0.522,0.393,527.0,3.7,11.0,7.5,10.8,1.4,0.6,12.3,23.4,3.0,1.7,4.7,0.145,4.2,1.9,6.1,1
Tyler Ennis,2013-14,Syracuse,ACC,34,34,1215,21.3,0.511,0.453,0.236,0.414,480.0,2.6,9.0,5.7,32.3,3.9,0.7,11.9,21.9,3.2,2.2,5.5,0.18,4.8,3.9,8.7,1
Gary Harris,2013-14,Michigan State,Big Ten,35,34,1131,22.5,0.561,0.518,0.505,0.312,542.0,4.0,10.2,7.3,16.8,3.4,1.6,10.3,26.8,3.3,2.0,5.3,0.188,6.6,3.7,10.3,4
Mitch McGary,2013-14,Michigan,Big Ten,8,4,198,26.2,0.572,0.545,0.036,0.436,84.0,15.5,27.1,21.5,12.6,4.9,3.2,16.4,22.5,0.5,0.5,1.0,0.208,3.7,4.9,8.6,2
Jordan Adams,2013-14,UCLA,Pac-12,36,36,1082,28.3,0.603,0.545,0.34,0.441,594.0,7.5,13.1,10.4,14.7,5.0,0.6,9.4,26.5,4.2,2.2,6.4,0.237,7.4,4.1,11.5,2
Rodney Hood,2011-12,Mississippi State,SEC,32,29,1050,15.5,0.535,0.524,0.449,0.143,315.0,3.5,14.4,8.8,11.9,0.8,1.3,8.9,16.8,2.1,0.8,2.9,0.111,3.1,0.4,3.5,2
Rodney Hood,2013-14,Duke,ACC,35,33,1150,20.1,0.59,0.55,0.41,0.328,507.0,2.9,11.7,7.2,13.2,1.3,0.8,10.2,23.8,3.6,1.2,4.9,0.17,6.3,0.9,7.2,2
Shabazz Napier,2013-14,UConn,AAC,40,40,1404,25.5,0.591,0.517,0.433,0.48,745.0,3.4,15.0,9.7,30.8,3.2,1.0,15.8,27.5,4.9,3.1,7.9,0.226,7.5,4.5,12.0,8
P.J. Hairston,2012-13,UNC,ACC,34,14,804,27.1,0.586,0.551,0.61,0.306,437.0,8.4,12.5,10.2,11.2,3.0,1.7,8.4,27.0,3.4,1.2,4.6,0.228,10.1,2.3,12.4,4
C.J. Wilcox,2013-14,Washington,Pac-12,32,31,1116,22.0,0.598,0.556,0.529,0.271,527.0,2.3,10.6,6.4,15.4,1.7,2.8,9.9,24.6,3.6,0.9,4.4,0.159,7.4,1.0,8.4,4
Josh Huestis,2013-14,Stanford,Pac-12,36,36,1266,17.3,0.51,0.488,0.223,0.295,413.0,8.8,18.4,13.7,6.8,1.0,5.9,9.8,18.0,1.9,2.1,4.0,0.126,2.8,2.5,5.3,4
Kyle Anderson,2013-14,UCLA,Pac-12,36,36,1196,24.7,0.566,0.517,0.154,0.493,603.0,4.5,25.5,15.4,34.3,3.1,2.7,19.1,24.1,3.1,2.6,5.6,0.189,6.3,4.5,10.9,4
K.J. McDaniels,2013-14,Clemson,ACC,36,35,1212,28.4,0.566,0.505,0.303,0.402,579.0,8.8,15.9,12.5,12.8,2.3,8.9,13.3,29.1,3.6,3.1,6.7,0.221,7.4,5.6,12.9,3
Joe Harris ,2013-14,Virginia,ACC,37,37,1066,18.7,0.565,0.547,0.533,0.337,407.0,2.7,9.8,6.3,18.1,2.2,0.9,10.9,23.3,2.6,2.4,5.0,0.187,4.5,4.1,8.6,4
Cleanthony Early,2013-14,Wichita State,MVC,36,36,986,26.5,0.627,0.57,0.459,0.464,507.0,5.9,18.6,12.5,6.4,1.8,3.3,12.9,28.8,3.6,2.5,6.1,0.246,6.4,2.6,9.0,2
Jarnell Stokes,2013-14,Tennessee,SEC,37,37,1199,27.6,0.576,0.531,0.0,0.613,575.0,15.3,23.1,19.2,13.7,1.4,2.9,13.7,24.6,4.2,2.6,6.8,0.227,7.1,2.4,9.5,3
Johnny O'Bryant,2013-14,LSU,SEC,34,34,1020,18.7,0.526,0.495,0.007,0.455,507.0,10.8,16.6,13.7,11.5,1.0,2.9,17.8,28.5,1.2,1.5,2.7,0.106,1.1,0.2,1.3,3
DeAndre Daniels,2013-14,UConn,AAC,38,38,1103,20.0,0.559,0.531,0.299,0.222,437.0,6.3,16.9,12.0,3.6,1.4,5.2,11.2,24.2,2.1,2.4,4.4,0.16,3.1,2.5,5.6,3
Spencer Dinwiddie,2013-14,Colorado,Pac-12,17,17,529,24.8,0.667,0.565,0.481,0.908,248.0,1.8,9.6,5.8,26.3,2.9,0.8,13.8,21.0,2.2,0.8,3.1,0.231,6.2,3.9,10.1,3
Jerami Grant,2013-14,Syracuse,ACC,32,20,1005,21.6,0.547,0.496,0.019,0.664,379.0,9.1,17.2,13.0,9.4,1.7,2.5,9.5,21.1,2.8,1.9,4.6,0.185,4.0,2.4,6.4,2
Glenn Robinson III,2013-14,Michigan,Big Ten,37,37,1194,18.9,0.566,0.532,0.29,0.308,450.0,6.0,11.5,8.8,7.6,1.9,1.0,9.7,22.3,2.8,1.4,4.2,0.142,4.2,1.2,5.3,4
Nick Johnson,2013-14,Arizona,Pac-12,38,38,1257,21.5,0.549,0.498,0.357,0.395,573.0,3.0,11.1,7.2,17.6,2.1,2.0,10.2,26.3,3.6,3.1,6.7,0.212,5.8,4.9,10.7,6
Markel Brown,2013-14,Oklahoma State,Big 12,34,34,1201,22.0,0.591,0.541,0.361,0.483,562.0,3.5,12.9,8.4,16.9,1.6,3.1,10.0,23.1,3.7,2.0,5.7,0.191,6.3,2.7,8.9,4
Dwight Powell,2013-14,Stanford,Pac-12,36,36,1167,19.7,0.527,0.475,0.103,0.557,537.0,7.3,17.3,12.5,20.4,2.4,2.8,17.8,26.0,1.8,2.0,3.8,0.131,2.7,3.0,5.7,4
Jordan Clarkson,2011-12,Tulsa,CUSA,31,31,1052,20.4,0.549,0.491,0.299,0.445,490.0,4.2,10.6,7.4,18.9,1.7,1.7,15.1,27.9,2.8,1.3,4.1,0.157,4.0,0.8,4.8,3
Jordan Clarkson,2013-14,Missouri,SEC,35,35,1228,20.2,0.547,0.482,0.244,0.418,605.0,2.9,9.3,6.4,23.3,1.9,0.6,14.3,27.9,3.2,1.2,4.4,0.142,3.8,0.5,4.3,3
Russ Smith,2013-14,Louisville,AAC,37,36,1084,26.2,0.576,0.541,0.376,0.451,662.0,2.9,9.6,6.2,31.6,4.0,0.4,15.2,30.7,3.9,2.9,6.7,0.249,7.2,4.3,11.5,4
Lamar Patterson,2013-14,Pitt,ACC,36,36,1174,24.2,0.569,0.528,0.45,0.382,591.0,3.8,14.4,9.2,29.9,2.8,1.2,14.7,29.1,3.6,2.3,5.9,0.2,8.1,3.2,11.4,5
Cameron Bairstow,2013-14,New Mexico,MWC,34,34,1119,29.0,0.611,0.558,0.007,0.7,627.0,8.5,16.5,12.8,11.8,1.0,4.9,10.7,29.9,4.5,2.0,6.5,0.232,7.2,2.5,9.7,4
Alec Brown,2013-14,Green Bay,Horizon,30,30,909,22.7,0.569,0.536,0.288,0.349,412.0,8.5,12.8,10.8,7.0,1.0,10.9,13.8,26.2,1.9,2.0,3.9,0.17,3.0,1.7,4.7,20
Semaj Christon,2013-14,Xavier,Big East,34,34,1200,19.1,0.544,0.501,0.117,0.56,565.0,1.5,7.4,4.6,25.3,2.3,0.8,14.3,26.9,2.6,1.3,4.0,0.133,3.7,1.5,5.2,2
Roy Devyn Marble,2013-14,Iowa,Big Ten,33,33,995,22.6,0.528,0.479,0.342,0.456,534.0,2.9,8.6,5.9,23.6,3.5,0.8,9.7,28.4,3.0,1.6,4.6,0.187,6.0,3.0,9.0,8
Jordan McRae,2013-14,Tennessee,SEC,37,37,1190,24.0,0.565,0.513,0.439,0.414,623.0,2.6,10.0,6.3,17.6,1.3,3.3,11.2,30.4,4.3,2.0,6.2,0.21,8.1,2.5,10.5,4
Xavier Thames,2009-10,Washington State,Pac-10,31,4,546,10.0,0.475,0.447,0.26,0.298,144.0,2.9,7.1,5.0,14.0,2.6,0.2,16.2,16.6,0.4,0.4,0.8,0.057,,,,4
Xavier Thames,2013-14,San Diego State,MWC,36,36,1126,26.5,0.557,0.478,0.357,0.514,607.0,2.1,8.5,5.3,23.7,3.3,0.5,8.2,28.6,4.7,2.8,7.5,0.267,7.2,5.2,12.4,4
Cory Jefferson,2013-14,Baylor,Big 12,38,38,1103,23.8,0.553,0.519,0.103,0.582,487.0,11.6,21.0,16.4,7.4,0.8,4.7,9.8,24.2,3.3,1.6,4.9,0.179,4.9,1.4,6.3,4
Karl-Anthony Towns,2014-15,Kentucky,SEC,39,39,822,31.4,0.627,0.57,0.031,0.523,391.0,14.2,22.3,18.5,11.6,1.4,11.5,14.2,23.7,3.5,2.9,6.4,0.311,6.6,7.6,14.3,1
D'Angelo Russell,2014-15,Ohio State,Big Ten,35,34,1188,26.6,0.573,0.541,0.449,0.303,671.0,3.6,15.4,9.8,30.1,2.8,1.1,14.8,30.2,4.4,2.4,6.8,0.229,8.6,3.3,11.9,1
Jahlil Okafor,2014-15,Duke,ACC,38,38,1143,30.7,0.641,0.664,0.0,0.462,609.0,14.8,18.2,16.6,9.4,1.5,4.5,15.6,27.6,4.5,2.2,6.7,0.235,7.7,2.7,10.4,3
Willie Cauley-Stein,2014-15,Kentucky,SEC,39,38,1012,23.8,0.588,0.572,0.0,0.542,344.0,11.1,17.3,14.5,7.4,2.9,7.1,13.9,17.8,2.6,3.4,6.0,0.239,5.4,7.1,12.6,6
Stanley Johnson,2014-15,Arizona,Pac-12,38,37,1081,22.5,0.551,0.501,0.297,0.456,509.0,8.9,19.1,14.1,11.6,3.2,1.6,14.7,26.6,2.8,2.9,5.7,0.212,5.0,4.4,9.4,1
Frank Kaminsky,2014-15,Wisconsin,Big Ten,39,39,1311,34.4,0.628,0.59,0.207,0.41,691.0,6.0,25.7,16.1,18.4,1.7,4.5,9.8,28.6,6.9,2.9,9.8,0.299,11.2,5.0,16.2,4
Justise Winslow,2014-15,Duke,ACC,39,39,1135,22.3,0.572,0.551,0.309,0.438,473.0,5.4,19.8,13.1,13.2,2.8,2.9,14.2,22.9,3.1,2.5,5.5,0.196,5.3,4.6,10.0,1
Myles Turner,2014-15,Texas,Big 12,34,7,755,25.5,0.556,0.488,0.241,0.436,310.0,7.2,24.9,16.7,6.2,0.8,12.3,13.2,25.1,1.9,2.1,4.0,0.213,3.4,6.0,9.3,1
Trey Lyles,2014-15,Kentucky,SEC,36,21,828,19.8,0.543,0.496,0.121,0.425,308.0,9.9,16.1,13.3,9.2,1.4,2.1,12.4,20.8,2.1,2.3,4.4,0.213,3.9,4.1,8.0,1
Devin Booker,2014-15,Kentucky,SEC,38,0,816,19.4,0.6,0.571,0.491,0.223,324.0,2.6,7.8,5.4,10.9,1.3,0.3,10.4,22.8,2.7,1.8,4.5,0.219,6.1,3.3,9.4,1
Cameron Payne,2014-15,Murray State,OVC,35,35,1127,30.1,0.573,0.534,0.415,0.315,716.0,2.2,10.6,6.6,40.0,3.6,1.6,12.4,31.5,5.5,1.8,7.3,0.258,8.6,1.3,9.9,2
Kelly Oubre,2014-15,Kansas,Big 12,36,27,756,21.1,0.555,0.512,0.383,0.444,303.0,6.4,19.2,13.2,8.1,3.3,1.8,12.5,23.1,1.7,1.7,3.4,0.18,4.7,4.1,8.8,1
Terry Rozier,2014-15,Louisville,ACC,36,35,1260,22.1,0.509,0.457,0.301,0.338,591.0,3.8,13.9,8.8,19.7,3.5,0.5,11.6,27.8,3.0,3.0,6.0,0.191,4.8,4.6,9.4,2
Rashad Vaughn,2014-15,UNLV,MWC,23,23,742,20.2,0.547,0.521,0.43,0.299,352.0,2.3,13.7,8.4,11.8,1.5,1.1,11.8,30.8,1.4,1.1,2.5,0.132,4.5,0.1,4.5,1
Sam Dekker,2014-15,Wisconsin,Big Ten,40,40,1239,25.5,0.605,0.586,0.372,0.278,519.0,8.4,14.8,11.7,8.6,1.1,1.5,7.3,23.2,5.1,1.9,7.0,0.225,8.5,1.8,10.4,3
Jerian Grant,2014-15,Notre Dame,ACC,38,38,1408,25.5,0.592,0.536,0.37,0.511,706.0,1.3,8.3,5.1,33.6,2.8,1.4,13.4,24.2,6.1,1.6,7.7,0.218,7.3,1.7,9.0,4
Delon Wright,2014-15,Utah,Pac-12,35,35,1165,29.2,0.619,0.549,0.225,0.565,558.0,4.0,13.7,9.3,33.0,4.0,3.2,14.2,22.8,5.3,3.1,8.4,0.289,8.7,6.9,15.5,2
Justin Anderson,2014-15,Virginia,ACC,26,22,724,23.8,0.61,0.572,0.471,0.371,283.0,3.1,14.4,9.0,14.0,1.6,2.5,10.7,23.3,2.5,1.8,4.4,0.241,7.9,4.8,12.7,3
Bobby Portis,2014-15,Arkansas,SEC,36,36,1076,29.5,0.582,0.552,0.064,0.335,578.0,13.6,20.2,16.8,8.8,2.1,4.8,9.4,26.7,4.2,1.9,6.1,0.227,7.6,1.4,8.9,2
Rondae Hollis-Jefferson,2014-15,Arizona,Pac-12,38,25,1090,21.8,0.573,0.513,0.105,0.745,435.0,9.0,20.1,14.8,10.1,2.4,3.4,13.7,20.5,3.1,2.9,5.9,0.218,4.4,5.0,9.4,2
Tyus Jones,2014-15,Duke,ACC,39,39,1322,20.4,0.575,0.489,0.383,0.5,532.0,1.8,9.9,6.1,27.5,2.7,0.2,15.9,18.7,4.4,2.1,6.5,0.196,6.0,3.3,9.3,1
Jarell Martin,2014-15,LSU,SEC,33,32,1159,21.6,0.565,0.526,0.131,0.511,531.0,9.7,18.1,14.1,10.5,1.9,1.8,15.7,24.8,2.7,2.4,5.1,0.174,3.0,1.6,4.7,4
Larry Nance,2014-15,Wyoming,MWC,31,30,1082,25.3,0.581,0.533,0.117,0.403,472.0,6.0,21.1,14.1,20.0,2.3,4.3,14.0,28.5,2.8,2.6,5.4,0.199,4.0,2.9,7.0,4
R.J. Hunter,2014-15,Georgia State,Sun Belt,35,35,1294,25.8,0.552,0.473,0.51,0.447,667.0,2.8,12.5,7.9,20.3,3.6,3.6,11.0,29.6,4.4,2.5,6.9,0.215,5.7,1.4,7.1,3
Chris McCullough,2014-15,Syracuse,ACC,16,16,450,18.9,0.508,0.482,0.009,0.628,146.0,9.0,18.5,13.8,8.2,3.6,8.5,19.3,20.7,0.3,1.2,1.4,0.126,-0.1,5.3,5.2,1
Kevon Looney,2014-15,UCLA,Pac-12,36,36,1113,21.9,0.532,0.505,0.165,0.458,428.0,12.2,21.0,16.6,9.1,2.5,3.3,10.3,19.7,2.8,2.0,4.8,0.172,4.7,2.3,7.0,2
Montrezl Harrell,2014-15,Louisville,ACC,35,35,1229,24.8,0.588,0.578,0.098,0.508,521.0,10.0,19.1,14.5,9.2,1.6,3.7,12.9,22.3,3.6,3.0,6.6,0.214,5.9,3.6,9.5,3
Jordan Mickey,2014-15,LSU,SEC,31,31,1081,21.7,0.533,0.505,0.024,0.388,454.0,10.5,19.6,15.3,7.6,1.5,9.6,18.4,25.0,1.2,2.6,3.9,0.143,1.2,3.6,4.8,2
Anthony Brown,2014-15,Stanford,Pac-12,37,36,1320,19.5,0.573,0.528,0.439,0.358,523.0,3.8,18.8,11.4,15.2,1.3,0.6,13.1,21.7,3.6,1.7,5.2,0.159,5.5,1.6,7.1,10
Rakeem Christmas,2014-15,Syracuse,ACC,31,31,1064,26.5,0.591,0.552,0.003,0.519,498.0,10.2,19.6,14.9,10.5,1.7,8.5,14.5,25.8,3.0,2.3,5.4,0.203,4.3,3.8,8.1,4
Richaun Holmes,2014-15,Bowling Green State,MAC,31,30,892,30.4,0.625,0.594,0.147,0.522,421.0,11.6,20.9,16.3,7.2,1.5,11.2,14.1,25.6,3.2,2.0,5.1,0.23,5.5,3.2,8.7,3
Darrun Hilliard,2014-15,Villanova,Big East,35,35,1007,23.1,0.576,0.543,0.528,0.267,444.0,2.0,10.7,6.5,15.9,3.8,1.3,8.8,25.2,3.3,2.2,5.5,0.218,5.6,4.4,10.0,8
Josh Richardson,2014-15,Tennessee,SEC,32,32,1162,22.9,0.56,0.519,0.321,0.311,499.0,2.9,13.2,7.8,24.4,3.8,2.0,15.7,25.5,3.2,1.4,4.6,0.159,5.5,2.7,8.3,4
Pat Connaughton,2014-15,Notre Dame,ACC,38,38,1351,19.4,0.615,0.597,0.618,0.18,436.0,4.2,20.4,13.0,7.6,1.3,2.7,10.2,17.7,3.5,1.9,5.4,0.16,6.1,1.5,7.6,4
Olivier Hanlan,2014-15,Boston College,ACC,32,31,1204,22.2,0.553,0.519,0.371,0.292,608.0,2.6,11.5,7.1,29.1,2.1,0.1,13.1,30.1,3.3,1.1,4.4,0.145,6.1,0.3,6.4,3
Joe Young,2012-13,Houston,CUSA,32,30,1048,23.1,0.6,0.54,0.389,0.396,517.0,2.0,10.3,6.2,15.2,1.0,0.0,7.9,24.3,4.4,0.6,5.0,0.191,5.8,-2.3,3.5,4
Joe Young,2014-15,Oregon,Pac-12,36,35,1322,23.2,0.568,0.524,0.431,0.226,701.0,1.7,11.6,6.9,21.3,1.8,0.1,11.7,28.7,4.4,1.2,5.6,0.17,6.5,0.3,6.7,4
Andrew Harrison,2014-15,Kentucky,SEC,39,39,994,18.0,0.531,0.446,0.352,0.596,388.0,1.7,8.1,5.1,26.0,2.5,0.9,15.7,21.4,2.6,2.5,5.1,0.205,3.7,4.7,8.4,2
Marcus Thornton,2014-15,William & Mary,CAA,33,33,1210,21.8,0.605,0.564,0.538,0.324,598.0,1.0,7.9,4.7,17.5,1.1,0.4,12.4,28.5,4.0,0.7,4.7,0.154,4.8,-3.5,1.3,4
Norman Powell,2014-15,UCLA,Pac-12,36,36,1244,19.6,0.54,0.497,0.255,0.362,531.0,1.9,13.3,7.6,12.8,3.2,1.5,12.8,25.3,2.5,1.9,4.4,0.14,3.1,3.2,6.2,8
Dakari Johnson,2014-15,Kentucky,SEC,39,0,635,22.3,0.553,0.506,0.0,0.923,256.0,13.4,19.1,16.5,8.9,1.4,6.1,15.8,22.0,1.6,2.0,3.6,0.229,3.0,5.1,8.2,2
Aaron White,2014-15,Iowa,Big Ten,34,34,1070,29.3,0.633,0.553,0.18,0.726,509.0,7.7,18.5,13.2,10.2,2.6,1.7,8.5,23.5,5.0,2.2,7.2,0.27,8.6,3.6,12.2,8
Tyler Harvey,2014-15,Eastern Washington,Big Sky,32,32,1182,26.9,0.643,0.6,0.606,0.359,664.0,2.0,9.6,5.8,13.9,1.8,0.4,10.0,27.5,5.7,0.4,6.1,0.207,6.9,-2.5,4.4,6
Sir'Dominic Pointer,2014-15,St. John's (NY),Big East,33,32,1143,24.7,0.566,0.527,0.075,0.413,465.0,6.3,17.2,11.9,18.0,3.3,7.4,14.2,21.0,2.8,2.4,5.2,0.18,4.6,5.5,10.1,8
Cady Lalanne,2014-15,UMass,A-10,32,32,929,20.8,0.582,0.558,0.072,0.572,352.0,13.5,23.4,18.5,2.4,1.2,6.4,20.1,21.3,1.4,1.5,2.9,0.126,1.6,0.8,2.4,4
Branden Dawson,2014-15,Michigan State,Big Ten,35,32,1055,23.8,0.533,0.535,0.0,0.306,408.0,11.9,23.5,17.9,12.2,2.5,6.3,14.7,23.4,2.0,2.5,4.4,0.168,4.4,4.2,8.6,8
J.P. Tokoto,2014-15,UNC,ACC,38,34,1106,15.9,0.484,0.45,0.118,0.432,378.0,6.4,14.3,10.6,24.0,2.9,1.3,20.7,17.9,1.4,1.9,3.3,0.118,2.7,4.5,7.2,9
Ben Simmons,2015-16,LSU,SEC,33,32,1151,29.0,0.6,0.561,0.008,0.769,674.0,9.6,26.8,18.2,27.4,3.1,2.5,17.4,26.4,3.9,2.1,6.0,0.207,7.0,3.3,10.3,1
Brandon Ingram,2015-16,Duke,ACC,36,34,1246,22.5,0.552,0.525,0.403,0.351,591.0,6.0,15.5,10.8,11.4,1.9,3.6,11.3,25.5,3.4,1.5,4.9,0.157,6.0,2.0,8.0,1
Jaylen Brown,2015-16,California,Pac-12,34,34,939,17.6,0.518,0.471,0.27,0.574,476.0,4.4,16.6,10.8,15.3,1.7,2.2,17.9,31.4,1.0,1.8,2.7,0.117,1.1,2.5,3.6,2
Kris Dunn,2015-16,Providence,Big East,33,32,1088,23.3,0.541,0.499,0.275,0.462,575.0,3.5,14.8,9.0,41.8,4.3,1.9,18.8,28.1,2.2,2.3,4.5,0.166,4.7,5.4,10.1,4
Buddy Hield,2015-16,Oklahoma,Big 12,37,37,1309,28.2,0.665,0.623,0.536,0.333,801.0,4.0,13.1,8.8,12.7,1.8,1.4,14.0,30.2,5.7,1.9,7.6,0.233,10.6,2.2,12.8,4
Jamal Murray,2015-16,Kentucky,SEC,36,36,1267,22.7,0.59,0.559,0.515,0.283,649.0,4.9,11.2,8.2,12.1,1.6,0.9,12.1,27.3,4.4,1.7,6.1,0.193,8.1,1.4,9.5,1
Marquese Chriss,2015-16,Washington,Pac-12,34,34,848,21.6,0.585,0.561,0.178,0.382,427.0,9.8,11.6,10.7,6.3,1.9,5.8,14.7,24.1,1.9,1.2,3.1,0.148,2.8,2.2,4.9,1
Jakob Poeltl,2015-16,Utah,Pac-12,36,36,1093,31.1,0.665,0.646,0.0,0.674,596.0,11.9,22.1,17.4,13.9,1.1,5.0,13.7,25.6,4.9,1.9,6.8,0.25,7.6,2.8,10.4,4
Domantas Sabonis,2015-16,Gonzaga,WCC,36,31,1149,29.3,0.654,0.618,0.036,0.499,616.0,11.7,28.3,20.7,11.3,1.1,2.7,16.0,25.5,4.6,2.8,7.5,0.26,5.7,2.5,8.2,2
Taurean Prince,2015-16,Baylor,Big 12,34,34,1040,20.8,0.537,0.493,0.339,0.337,509.0,9.2,14.8,12.0,14.8,2.4,2.7,15.3,28.1,2.4,1.4,3.8,0.148,5.3,1.3,6.6,8
Denzel Valentine,2015-16,Michigan State,Big Ten,31,30,1022,29.7,0.608,0.579,0.527,0.214,622.0,3.0,21.2,12.8,45.8,1.9,0.7,14.8,28.5,5.0,2.2,7.2,0.284,11.3,4.3,15.6,12
Wade Baldwin IV,2015-16,Vanderbilt,SEC,33,30,1002,20.7,0.571,0.492,0.32,0.614,505.0,1.5,11.6,7.0,33.7,2.3,1.0,18.2,25.3,2.7,1.8,4.5,0.179,4.1,3.0,7.1,2
Henry Ellenson,2015-16,Marquette,Big East,33,33,1107,20.9,0.534,0.48,0.239,0.439,536.0,7.8,24.2,16.5,11.0,1.4,4.4,12.9,26.7,2.0,2.0,4.0,0.143,2.8,1.1,3.9,1
Malik Beasley,2015-16,Florida State,ACC,34,33,1014,20.8,0.583,0.541,0.361,0.326,483.0,5.0,15.1,10.1,9.8,1.8,0.6,11.5,24.2,2.9,1.1,4.0,0.158,5.2,1.0,6.2,1
Caris LeVert,2015-16,Michigan,Big Ten,15,14,464,28.8,0.636,0.596,0.401,0.42,252.0,2.4,18.9,10.6,33.3,2.0,0.7,11.4,25.6,2.2,0.7,2.8,0.243,8.5,2.9,11.4,4
DeAndre Bembry,2015-16,St. Joseph's,A-10,36,35,1341,22.4,0.539,0.513,0.258,0.358,640.0,4.3,18.0,11.3,24.1,2.2,2.5,11.2,24.4,3.4,2.5,5.8,0.174,4.7,3.4,8.2,3
Malachi Richardson,2015-16,Syracuse,ACC,37,37,1272,13.8,0.51,0.465,0.544,0.381,458.0,1.7,12.1,6.9,12.8,2.0,0.9,14.0,23.2,1.5,1.8,3.3,0.104,1.4,2.1,3.5,3
Brice Johnson,2015-16,UNC,ACC,40,39,1121,33.0,0.649,0.614,0.0,0.423,612.0,11.6,28.7,20.4,9.7,2.2,5.5,12.0,25.0,5.0,2.6,7.6,0.271,8.5,4.2,12.7,8
Pascal Siakam,2015-16,New Mexico State,WAC,34,34,1176,31.6,0.569,0.542,0.029,0.396,650.0,13.4,23.6,18.8,12.1,1.7,6.5,10.0,29.1,4.4,3.4,7.8,0.266,5.5,2.7,8.2,2
Skal Labissiere,2015-16,Kentucky,SEC,36,18,567,18.6,0.54,0.516,0.011,0.326,214.0,7.3,14.7,11.1,3.6,0.9,10.3,13.1,22.2,0.9,1.1,2.0,0.141,-1.3,4.0,2.6,1
Dejounte Murray,2015-16,Washington,Pac-12,34,34,1139,16.8,0.485,0.451,0.243,0.342,565.0,4.1,13.7,8.8,25.6,2.8,0.8,16.3,25.8,1.2,1.6,2.8,0.099,1.9,1.8,3.6,1
Damian Jones,2015-16,Vanderbilt,SEC,33,33,866,23.3,0.584,0.59,0.01,0.538,426.0,9.9,17.3,13.9,10.2,0.5,5.9,14.2,26.8,2.0,1.8,3.8,0.175,3.1,3.0,6.2,3
Deyonta Davis,2015-16,Michigan State,Big Ten,35,16,650,23.9,0.601,0.598,0.0,0.191,242.0,13.5,19.0,16.5,7.5,0.8,10.2,12.1,19.3,1.7,1.6,3.3,0.204,3.4,4.5,7.8,2
Cheick Diallo,2015-16,Kansas,Big 12,27,1,202,20.5,0.572,0.569,0.0,0.466,74.0,10.4,27.1,19.4,0.9,2.0,11.9,19.4,21.7,0.2,0.6,0.8,0.159,-1.6,5.4,3.7,1
Tyler Ulis,2015-16,Kentucky,SEC,35,35,1288,24.0,0.567,0.497,0.362,0.441,666.0,1.7,7.1,4.6,34.3,2.3,0.3,11.4,23.3,5.4,1.7,7.1,0.221,7.9,2.4,10.3,4
Malcolm Brogdon,2015-16,Virginia,ACC,37,37,1263,25.1,0.585,0.532,0.382,0.31,626.0,2.1,13.4,7.9,19.5,1.8,0.9,8.3,28.4,4.9,2.1,7.0,0.222,8.1,3.2,11.3,4
Chinanu Onuaku,2015-16,Louisville,ACC,31,29,762,26.4,0.62,0.62,0.005,0.253,314.0,13.7,25.8,19.8,12.9,1.9,9.6,20.8,20.5,1.8,2.3,4.2,0.218,4.1,6.3,10.5,2
Patrick McCaw,2015-16,UNLV,MWC,33,32,1113,21.3,0.591,0.56,0.515,0.294,482.0,3.6,12.4,8.0,22.7,3.9,1.2,14.2,20.3,2.7,2.2,5.0,0.179,3.9,3.7,7.6,4
Diamond Stone,2015-16,Maryland,Big Ten,35,22,807,26.7,0.61,0.568,0.0,0.456,407.0,12.4,14.5,13.6,4.2,1.3,7.1,12.9,26.7,2.6,1.5,4.1,0.204,3.8,2.0,5.8,1
Stephen Zimmerman Jr.,2015-16,UNLV,MWC,26,24,680,17.6,0.519,0.488,0.079,0.472,264.0,8.8,26.5,17.7,6.4,1.1,7.5,17.1,21.9,0.5,1.6,2.1,0.122,-0.9,2.3,1.4,1
Isaiah Whitehead,2015-16,Seton Hall,Big East,34,33,1098,20.5,0.511,0.458,0.434,0.383,624.0,1.8,9.8,5.9,33.0,2.1,4.5,16.4,31.6,2.1,2.1,4.2,0.153,6.0,2.9,8.9,6
Demetrius Jackson,2015-16,Notre Dame,ACC,35,35,1259,21.0,0.56,0.514,0.381,0.325,577.0,3.0,8.0,5.6,25.1,2.1,0.8,13.3,24.1,3.8,0.6,4.4,0.141,5.2,0.8,6.1,3
A.J. Hammons,2015-16,Purdue,Big Ten,33,20,813,31.0,0.623,0.601,0.033,0.378,431.0,11.5,24.9,18.7,10.5,0.7,10.4,14.1,28.6,2.7,2.2,4.9,0.241,6.5,5.3,11.9,4
Jake Layman,2015-16,Maryland,Big Ten,36,36,1112,18.8,0.64,0.602,0.514,0.339,381.0,4.4,14.4,9.9,7.0,2.1,3.4,15.8,18.2,2.4,2.0,4.4,0.159,4.8,3.3,8.2,8
Michael Gbinije,2011-12,Duke,ACC,19,0,111,12.3,0.707,0.65,0.5,0.35,31.0,5.3,11.9,8.5,5.0,1.6,0.8,25.5,14.1,0.2,0.1,0.3,0.115,-0.1,1.5,1.4,4
Michael Gbinije,2015-16,Syracuse,ACC,37,37,1403,20.9,0.574,0.554,0.477,0.328,632.0,3.2,8.8,6.0,26.3,3.1,1.1,15.7,24.8,3.6,2.1,5.7,0.162,5.3,3.1,8.4,4
Georges Niang,2015-16,Iowa State,Big 12,35,35,1162,25.9,0.625,0.6,0.276,0.23,679.0,4.8,15.6,10.6,19.2,1.5,1.8,13.8,28.7,4.2,1.4,5.6,0.192,7.1,1.6,8.7,4
Ben Bentil,2015-16,Providence,Big East,35,33,1198,24.8,0.567,0.51,0.296,0.465,659.0,8.4,16.7,12.4,8.0,1.4,3.1,9.3,29.6,3.8,2.0,5.8,0.193,6.3,1.9,8.2,2
Joel Bolomboy,2015-16,Weber State,Big Sky,33,33,1041,29.1,0.634,0.602,0.163,0.677,551.0,13.1,31.3,23.0,7.4,1.3,3.6,14.9,26.1,3.8,2.7,6.5,0.248,3.7,0.6,4.3,8
Kay Felder,2015-16,Oakland,Horizon,35,35,1286,28.7,0.572,0.502,0.35,0.461,946.0,2.2,9.8,6.1,50.0,2.9,0.5,13.9,31.3,6.2,1.4,7.6,0.237,7.5,0.8,8.3,3
Marcus Paige,2015-16,UNC,ACC,34,34,1075,17.4,0.537,0.503,0.588,0.263,418.0,1.6,7.1,4.4,18.6,2.1,1.5,9.5,19.4,2.9,1.3,4.2,0.154,5.1,2.8,8.0,4
Daniel Hamilton,2015-16,UConn,AAC,36,36,1147,20.0,0.492,0.444,0.345,0.243,501.0,3.5,27.1,16.1,29.2,2.0,1.5,15.6,25.1,1.8,3.0,4.7,0.165,4.0,4.0,8.0,4
Abdel Nader,2012-13,Northern Illinois,MAC,19,18,483,14.6,0.426,0.386,0.356,0.216,224.0,6.3,25.5,14.2,12.5,3.3,3.2,17.3,38.8,-0.6,0.8,0.2,0.02,-2.0,-0.3,-2.3,4
Abdel Nader,2015-16,Iowa State,Big 12,35,35,1088,15.8,0.583,0.555,0.415,0.315,415.0,2.9,14.4,9.0,8.0,1.9,2.1,16.9,21.5,1.5,1.4,2.8,0.104,1.9,1.6,3.5,4
Isaiah Cousins,2015-16,Oklahoma,Big 12,37,37,1232,15.9,0.506,0.484,0.38,0.233,507.0,2.1,11.9,7.3,25.1,2.3,0.8,16.0,21.8,1.9,1.9,3.8,0.123,2.7,2.8,5.4,4
Tyrone Wallace,2015-16,California,Pac-12,28,25,901,19.7,0.513,0.477,0.245,0.449,446.0,3.5,14.3,9.1,28.5,1.8,1.3,15.1,27.4,1.8,1.6,3.4,0.149,3.6,3.0,6.6,4
Markelle Fultz,2016-17,Washington,Pac-12,25,25,892,28.0,0.558,0.535,0.287,0.383,582.0,4.0,13.9,8.9,35.5,2.5,3.1,13.4,31.4,3.3,0.6,3.9,0.173,7.7,1.7,9.4,1
Lonzo Ball,2016-17,UCLA,Pac-12,36,36,1263,24.7,0.673,0.668,0.566,0.286,608.0,3.2,14.3,9.3,31.4,2.8,2.1,18.6,18.1,4.8,2.0,6.8,0.214,8.1,3.9,12.0,1
Jayson Tatum,2016-17,Duke,ACC,29,27,966,22.0,0.566,0.507,0.321,0.381,467.0,4.8,19.7,12.6,12.4,2.3,3.2,15.0,26.2,2.3,1.8,4.1,0.169,4.6,3.2,7.9,1
Josh Jackson,2016-17,Kansas,Big 12,35,35,1077,24.2,0.559,0.552,0.21,0.403,571.0,8.7,17.5,13.3,18.2,3.1,3.5,15.9,27.2,2.7,2.2,4.9,0.18,5.7,4.2,9.9,1
De'Aaron Fox,2016-17,Kentucky,SEC,36,34,1064,22.7,0.549,0.498,0.154,0.474,608.0,2.1,12.2,7.2,28.6,2.7,0.7,13.7,27.5,3.1,2.1,5.1,0.192,4.3,3.9,8.2,1
Jonathan Isaac,2016-17,Florida State,ACC,32,32,839,24.6,0.614,0.568,0.348,0.461,364.0,7.7,25.1,16.7,7.5,2.4,6.2,13.3,20.3,2.4,1.9,4.3,0.205,5.8,4.2,10.0,1
Lauri Markkanen,2016-17,Arizona,Pac-12,37,37,1140,25.0,0.635,0.584,0.434,0.436,534.0,10.0,17.5,14.0,5.6,0.8,1.8,8.1,22.5,4.8,1.8,6.7,0.235,7.9,1.5,9.4,2
Dennis Smith Jr.,2016-17,NC State,ACC,32,32,1114,23.1,0.563,0.52,0.364,0.476,621.0,2.7,11.5,7.3,34.2,3.1,1.2,17.3,27.2,3.1,0.9,4.0,0.142,5.4,1.1,6.5,1
Zach Collins,2016-17,Gonzaga,WCC,39,0,673,31.0,0.703,0.676,0.101,0.715,359.0,12.1,23.3,18.4,4.4,1.5,9.8,17.8,24.8,2.6,2.4,5.0,0.299,4.6,6.0,10.6,1
Malik Monk,2016-17,Kentucky,SEC,38,37,1218,21.5,0.586,0.543,0.47,0.323,660.0,1.1,7.3,4.2,13.3,1.6,1.5,10.4,27.2,3.9,1.9,5.8,0.189,6.5,2.5,9.0,1
Luke Kennard,2016-17,Duke,ACC,37,36,1314,24.4,0.629,0.579,0.414,0.386,672.0,3.9,12.1,8.2,13.6,1.4,0.9,9.3,24.0,5.5,1.6,7.1,0.217,8.4,2.0,10.3,2
Donovan Mitchell,2016-17,Louisville,ACC,34,33,1098,21.8,0.534,0.498,0.509,0.243,502.0,3.7,12.9,8.3,16.0,3.7,1.7,10.2,24.6,3.0,2.4,5.4,0.197,5.7,5.5,11.1,2
Bam Adebayo,2016-17,Kentucky,SEC,38,38,1145,22.0,0.624,0.599,0.0,0.831,488.0,11.1,17.3,14.2,4.7,1.2,4.9,13.9,18.5,3.3,2.3,5.6,0.196,4.5,3.6,8.2,1
Justin Jackson,2016-17,UNC,ACC,40,39,1281,21.3,0.555,0.531,0.477,0.22,659.0,4.8,10.8,7.8,15.8,1.3,0.8,9.5,25.7,4.3,1.8,6.1,0.191,7.7,2.1,9.8,7
Justin Patton,2016-17,Creighton,Big East,35,34,885,25.2,0.671,0.689,0.051,0.294,406.0,8.0,19.0,13.9,8.5,1.9,5.9,15.1,22.0,2.5,1.8,4.3,0.194,4.2,4.2,8.4,1
D.J. Wilson,2016-17,Michigan,Big Ten,38,36,1155,20.9,0.628,0.605,0.361,0.197,405.0,6.6,16.5,11.6,8.5,1.1,5.2,11.2,18.3,3.2,1.6,4.8,0.166,5.4,2.5,7.9,3
TJ Leaf,2016-17,UCLA,Pac-12,35,35,1048,26.6,0.66,0.652,0.152,0.278,536.0,9.0,19.7,14.9,13.2,1.1,3.5,10.8,22.0,4.2,1.6,5.8,0.22,6.5,2.1,8.6,1
John Collins,2016-17,Wake Forest,ACC,33,33,878,35.9,0.658,0.622,0.003,0.585,579.0,16.4,25.6,21.1,4.5,1.3,6.6,11.1,29.9,4.6,1.0,5.6,0.256,9.3,0.7,9.9,2
Harry Giles,2016-17,Duke,ACC,26,6,300,19.8,0.57,0.577,0.0,0.308,113.0,16.4,21.6,19.1,5.6,1.7,5.3,16.8,17.9,0.6,0.6,1.2,0.164,1.5,2.9,4.4,2
Jarrett Allen,2016-17,Texas,Big 12,33,33,1061,20.3,0.571,0.566,0.022,0.472,428.0,10.9,18.9,14.9,5.7,1.0,5.0,17.8,22.6,1.5,1.7,3.3,0.124,2.6,2.6,5.2,1
OG Anunoby,2016-17,Indiana,Big Ten,16,10,402,23.8,0.611,0.615,0.369,0.393,167.0,8.5,16.1,12.5,11.0,3.0,5.5,15.2,20.8,1.1,0.7,1.7,0.172,5.4,3.5,8.9,2
Tyler Lydon,2016-17,Syracuse,ACC,34,34,1227,20.3,0.599,0.55,0.389,0.364,445.0,7.7,19.2,13.7,10.8,1.7,4.7,13.6,18.0,3.1,1.7,4.8,0.157,4.8,2.2,7.0,4
Caleb Swanigan,2016-17,Purdue,Big Ten,35,35,1139,26.2,0.62,0.572,0.202,0.499,640.0,10.7,32.7,22.5,18.9,0.8,2.5,18.5,28.1,3.7,2.6,6.4,0.224,6.1,3.4,9.4,2
Kyle Kuzma,2016-17,Utah,Pac-12,29,29,894,25.0,0.565,0.542,0.233,0.352,481.0,11.3,23.3,17.7,15.2,1.1,1.6,12.8,27.0,2.8,1.8,4.5,0.204,5.6,0.7,6.3,3
Tony Bradley,2016-17,UNC,ACC,38,0,553,26.2,0.59,0.573,0.0,0.59,270.0,18.6,19.0,18.8,7.2,1.0,4.4,9.9,20.7,2.1,1.0,3.1,0.225,5.6,2.3,7.9,1
Derrick White,2016-17,Colorado,Pac-12,34,32,1116,27.3,0.627,0.578,0.356,0.45,603.0,3.5,10.5,7.0,28.6,2.2,4.9,14.2,25.3,4.5,1.4,5.9,0.211,9.0,3.4,12.4,1
Josh Hart,2016-17,Villanova,Big East,36,35,1193,28.2,0.619,0.59,0.395,0.367,648.0,5.8,17.6,12.2,18.8,2.9,1.0,11.5,27.8,5.1,2.6,7.7,0.257,8.1,3.9,12.0,4
Frank Jackson,2016-17,Duke,ACC,36,16,895,17.0,0.598,0.564,0.459,0.363,371.0,3.1,8.3,5.8,12.6,1.3,0.2,12.9,21.1,2.4,0.9,3.3,0.147,3.7,1.4,5.1,1
Davon Reed,2016-17,Miami (FL),ACC,33,33,1165,19.7,0.58,0.539,0.535,0.29,460.0,2.9,13.1,8.1,14.3,2.3,1.5,13.7,22.2,2.9,1.9,4.8,0.163,5.0,3.2,8.2,4
Wesley Iwundu,2016-17,Kansas State,Big 12,35,35,1098,20.1,0.585,0.532,0.271,0.506,466.0,4.1,20.0,12.3,22.9,1.9,1.2,17.2,22.3,2.6,1.8,4.4,0.16,4.9,2.6,7.5,4
Frank Mason,2016-17,Kansas,Big 12,36,36,1301,25.5,0.622,0.573,0.354,0.484,745.0,2.0,10.5,6.4,26.1,2.0,0.2,12.4,25.6,5.8,1.7,7.5,0.23,8.6,2.7,11.3,4
Ivan Rabb,2016-17,California,Pac-12,31,30,1012,21.7,0.541,0.497,0.064,0.599,432.0,10.7,25.7,18.3,10.9,1.3,3.3,14.3,23.8,2.1,2.5,4.6,0.18,3.0,3.4,6.4,2
Jonah Bolden,2015-16,UCLA,Pac-12,31,11,672,12.4,0.499,0.451,0.293,0.366,156.0,5.8,17.5,11.8,7.8,1.7,4.2,15.3,12.1,0.6,0.9,1.4,0.086,0.3,3.4,3.7,1
Semi Ojeleye,2014-15,Duke,ACC,6,0,63,11.7,0.422,0.389,0.889,0.389,17.0,6.0,19.3,13.1,2.6,2.9,0.0,0.0,17.6,0.1,0.1,0.2,0.143,-3.3,0.5,-2.8,3
Semi Ojeleye,2016-17,SMU,AAC,35,35,1195,26.5,0.621,0.572,0.399,0.508,595.0,8.4,15.0,11.9,9.3,0.8,1.6,8.5,25.9,5.5,2.2,7.7,0.257,8.3,1.1,9.3,3
Jordan Bell,2016-17,Oregon,Pac-12,39,38,1124,26.4,0.658,0.641,0.052,0.435,445.0,12.2,22.4,17.6,11.4,2.5,8.5,18.8,18.0,3.2,3.0,6.2,0.222,5.3,5.5,10.8,3
Jawun Evans,2016-17,Oklahoma State,Big 12,32,32,936,27.3,0.535,0.475,0.197,0.396,659.0,2.8,11.0,6.8,43.6,3.3,0.5,13.6,32.7,4.0,0.8,4.8,0.206,8.0,1.2,9.2,2
Dwayne Bacon,2016-17,Florida State,ACC,35,35,1008,20.8,0.544,0.51,0.35,0.282,544.0,4.0,12.0,8.1,11.6,1.9,0.4,11.4,29.4,2.5,1.3,3.8,0.151,4.6,1.0,5.5,2
Tyler Dorsey,2016-17,Oregon,Pac-12,39,39,1169,19.6,0.606,0.575,0.514,0.343,510.0,3.5,9.6,6.7,10.7,1.5,0.4,11.1,22.9,3.5,1.7,5.2,0.178,5.1,1.6,6.8,2
Thomas Bryant,2016-17,Indiana,Big Ten,34,34,954,21.6,0.601,0.56,0.211,0.519,419.0,9.7,17.2,13.7,9.8,1.6,5.7,18.0,22.2,2.4,1.4,3.8,0.159,3.8,2.4,6.2,4
Damyean Dotson,2013-14,Oregon,Pac-12,33,33,786,13.9,0.525,0.487,0.313,0.249,290.0,3.7,12.4,8.2,9.7,1.2,0.7,11.4,21.2,1.2,0.6,1.8,0.092,1.8,0.4,2.3,4
Damyean Dotson,2016-17,Houston,AAC,32,32,1098,23.9,0.611,0.595,0.567,0.123,482.0,5.1,18.1,11.5,6.9,1.6,0.6,6.8,23.1,3.9,2.0,5.9,0.216,8.2,1.3,9.4,4
Dillon Brooks,2016-17,Oregon,Pac-12,35,27,886,25.5,0.585,0.556,0.336,0.299,525.0,4.8,9.7,7.4,23.1,2.5,2.0,13.0,31.6,3.1,1.6,4.7,0.213,6.2,2.9,9.1,3
Sterling Brown,2016-17,SMU,AAC,35,34,1143,21.7,0.583,0.546,0.387,0.313,463.0,6.0,16.9,11.7,17.9,2.7,2.2,14.6,21.9,3.3,2.7,6.0,0.211,4.8,4.0,8.9,4
Ike Anigbogu,2016-17,UCLA,Pac-12,29,0,377,17.1,0.564,0.564,0.0,0.426,139.0,13.2,19.9,16.9,2.3,0.7,8.8,16.5,18.4,0.6,0.7,1.3,0.133,-1.5,2.4,0.9,1
Sindarius Thornwell,2016-17,South Carolina,SEC,31,31,1051,30.3,0.59,0.51,0.337,0.59,634.0,8.0,16.3,11.9,19.1,3.6,3.4,11.9,29.5,4.4,2.8,7.2,0.273,11.0,6.2,17.1,12
Monte Morris,2016-17,Iowa State,Big 12,35,35,1237,24.7,0.555,0.523,0.308,0.239,645.0,3.7,11.3,7.6,32.0,2.4,0.8,7.5,22.8,4.8,1.7,6.5,0.21,7.5,3.0,10.5,4
Edmond Sumner,2016-17,Xavier,Big East,21,20,696,21.1,0.57,0.507,0.209,0.645,325.0,1.8,13.7,7.6,30.2,2.3,2.7,17.4,24.0,1.8,0.9,2.7,0.154,5.1,3.7,8.8,3
Kadeem Allen,2016-17,Arizona,Pac-12,34,33,1020,16.7,0.57,0.521,0.318,0.492,340.0,1.5,13.8,8.1,17.8,3.1,2.3,18.3,18.1,1.7,2.0,3.8,0.148,2.2,5.2,7.4,2
Alec Peters,2016-17,Valparaiso,Horizon,29,29,1019,28.7,0.594,0.528,0.342,0.415,625.0,8.5,23.3,16.2,14.8,1.3,1.2,11.2,30.8,4.2,1.9,6.1,0.241,7.5,0.4,7.9,4
Nigel Williams-Goss,2014-15,Washington,Pac-12,30,30,1104,18.7,0.501,0.468,0.204,0.23,502.0,2.1,12.1,7.3,36.0,1.8,0.4,15.4,26.1,2.1,1.1,3.2,0.117,2.7,0.1,2.7,3
Nigel Williams-Goss,2016-17,Gonzaga,WCC,38,38,1248,25.2,0.594,0.533,0.258,0.4,660.0,2.2,15.7,9.8,25.6,2.9,0.2,13.1,24.6,4.5,3.6,8.1,0.261,5.7,5.1,10.8,3
Jabari Bird,2016-17,California,Pac-12,27,25,863,16.5,0.562,0.542,0.56,0.173,331.0,3.5,13.2,8.4,7.7,1.3,0.8,12.7,23.5,1.5,1.6,3.1,0.142,3.8,2.4,6.2,12
Jaron Blossomgame,2016-17,Clemson,ACC,33,33,1133,23.1,0.561,0.526,0.213,0.381,540.0,5.9,15.5,10.6,9.7,1.4,2.9,9.7,25.9,3.2,1.1,4.3,0.152,5.2,1.0,6.2,8
Deandre Ayton,2017-18,Arizona,Pac-12,35,35,1172,32.6,0.65,0.625,0.078,0.424,666.0,13.5,28.2,21.4,10.2,1.0,6.1,11.3,26.6,5.5,2.1,7.6,0.259,8.6,2.4,11.0,1
Marvin Bagley III,2017-18,Duke,ACC,33,32,1118,30.6,0.643,0.64,0.132,0.475,630.0,13.8,21.5,17.9,8.8,1.4,2.6,12.2,26.3,4.8,2.1,6.9,0.248,8.8,2.0,10.8,2
Jaren Jackson Jr.,2017-18,Michigan State,Big Ten,35,34,764,26.9,0.647,0.595,0.414,0.573,347.0,8.8,19.7,15.0,9.3,1.6,14.3,17.4,23.5,2.3,2.2,4.6,0.239,4.4,7.3,11.7,1
Trae Young,2017-18,Oklahoma,Big 12,32,32,1133,28.3,0.585,0.518,0.531,0.443,935.0,1.3,10.0,5.8,48.6,2.5,0.7,18.2,37.1,4.6,1.1,5.7,0.201,9.7,1.3,11.1,1
Mohamed Bamba,2017-18,Texas,Big 12,30,29,906,28.3,0.593,0.567,0.189,0.441,377.0,12.2,28.2,20.2,3.6,1.5,13.1,12.3,21.3,2.4,2.4,4.8,0.212,5.0,5.9,10.9,1
Wendell Carter Jr.,2017-18,Duke,ACC,37,37,997,28.2,0.628,0.591,0.144,0.527,501.0,12.8,23.2,18.4,13.0,1.7,7.6,15.8,22.8,3.6,2.3,5.9,0.239,6.3,5.1,11.4,1
Collin Sexton,2017-18,Alabama,SEC,33,32,987,23.5,0.567,0.498,0.299,0.575,622.0,4.1,9.8,7.0,27.8,1.6,0.3,14.2,32.9,3.2,1.2,4.4,0.177,5.8,1.1,6.9,1
Kevin Knox,2017-18,Kentucky,SEC,37,37,1198,17.0,0.556,0.51,0.38,0.373,518.0,3.3,14.5,9.3,8.7,1.5,1.0,14.1,24.6,2.3,1.7,4.0,0.133,3.3,1.8,5.1,1
Mikal Bridges,2017-18,Villanova,Big East,40,40,1285,26.8,0.655,0.623,0.503,0.282,644.0,5.2,13.8,9.7,10.6,2.7,3.5,9.1,23.2,5.4,2.4,7.7,0.241,8.7,4.1,12.9,3
Shai Gilgeous-Alexander,2017-18,Kentucky,SEC,37,24,1248,21.2,0.578,0.516,0.151,0.464,571.0,3.2,10.0,6.8,28.8,2.8,1.7,17.9,21.9,3.3,1.9,5.2,0.167,5.3,3.7,9.0,1
Miles Bridges,2017-18,Michigan State,Big Ten,34,33,1067,22.6,0.572,0.535,0.427,0.239,531.0,5.2,18.2,12.5,16.9,1.2,2.5,11.6,27.1,3.3,2.2,5.5,0.208,6.2,2.5,8.7,2
Jerome Robinson,2017-18,Boston College,ACC,35,35,1260,21.3,0.608,0.564,0.386,0.343,668.0,1.5,9.7,5.6,19.5,1.4,0.4,13.9,27.3,3.9,1.0,4.9,0.157,5.5,0.1,5.5,3
Michael Porter Jr.,2017-18,Missouri,SEC,3,1,53,20.0,0.438,0.383,0.333,0.3,27.0,9.4,32.5,21.8,4.6,3.4,2.0,8.0,36.5,0.0,0.1,0.2,0.128,4.6,4.1,8.6,1
Troy Brown,2017-18,Oregon,Pac-12,35,35,1093,16.6,0.532,0.494,0.342,0.326,424.0,5.9,18.0,12.0,18.7,2.9,0.8,18.8,21.0,1.5,1.6,3.1,0.114,1.4,2.3,3.7,1
Zhaire Smith,2017-18,Texas Tech,Big 12,37,21,1051,23.0,0.618,0.588,0.144,0.458,417.0,9.6,11.1,10.4,12.6,2.3,4.8,10.8,18.3,3.3,2.2,5.6,0.212,6.1,4.7,10.8,1
Donte DiVincenzo,2017-18,Villanova,Big East,40,10,1170,20.9,0.608,0.59,0.542,0.274,557.0,4.9,13.9,9.6,20.0,2.0,0.7,15.2,22.4,3.7,1.8,5.5,0.188,6.1,2.9,9.0,3
Lonnie Walker,2017-18,Miami (FL),ACC,32,18,888,16.3,0.527,0.503,0.509,0.204,344.0,1.7,9.2,5.5,13.0,2.0,1.8,9.6,22.4,1.6,1.3,2.8,0.127,2.9,2.3,5.2,1
Kevin Huerter,2017-18,Maryland,Big Ten,32,32,1101,19.4,0.64,0.616,0.543,0.307,457.0,3.7,12.9,8.8,20.3,1.1,2.1,17.8,21.5,3.0,1.6,4.5,0.165,5.7,2.1,7.8,2
Josh Okogie,2017-18,Georgia Tech,ACC,24,24,873,22.3,0.55,0.475,0.313,0.506,421.0,7.3,13.1,10.2,15.6,2.9,2.8,13.3,27.3,2.1,1.3,3.4,0.156,5.8,2.2,8.1,2
Grayson Allen,2017-18,Duke,ACC,37,37,1319,18.8,0.58,0.536,0.637,0.293,574.0,1.8,8.0,5.1,21.2,2.8,0.2,13.8,20.7,4.0,2.0,5.9,0.179,5.0,3.4,8.4,4
Chandler Hutchison,2017-18,Boise State,MWC,31,31,961,25.9,0.575,0.528,0.296,0.519,603.0,3.4,25.6,14.6,24.1,2.7,0.9,16.2,33.2,2.8,2.2,5.0,0.208,5.1,3.8,8.9,4
Aaron Holiday,2017-18,UCLA,Pac-12,33,33,1244,21.1,0.609,0.557,0.446,0.417,686.0,1.6,8.7,5.3,29.9,1.9,0.7,18.5,26.7,3.7,1.2,4.9,0.157,5.3,0.6,5.9,6
Moritz Wagner,2017-18,Michigan,Big Ten,39,39,1078,24.7,0.619,0.605,0.391,0.264,499.0,6.5,24.7,15.7,6.7,2.1,2.0,10.8,25.9,3.1,2.6,5.7,0.213,5.4,3.8,9.2,3
Landry Shamet,2017-18,Wichita State,AAC,32,32,1015,21.4,0.655,0.622,0.603,0.327,476.0,1.6,9.7,5.8,28.8,1.3,0.7,15.5,20.7,3.8,1.1,4.9,0.195,7.3,1.3,8.6,3
Robert Williams,2017-18,Texas A&M,SEC,30,23,769,25.5,0.614,0.632,0.055,0.318,296.0,10.2,26.8,18.9,10.8,1.8,10.4,17.0,19.0,1.5,2.0,3.5,0.184,4.5,6.2,10.6,2
Jacob Evans,2017-18,Cincinnati,AAC,36,36,1107,20.5,0.543,0.507,0.43,0.302,461.0,5.2,12.0,8.7,20.0,2.6,3.7,12.7,22.5,2.8,3.1,5.9,0.213,4.7,5.2,9.9,6
Omari Spellman,2017-18,Villanova,Big East,40,39,1125,20.6,0.588,0.573,0.446,0.208,425.0,9.9,23.1,16.8,4.3,1.3,5.5,9.8,18.3,2.9,2.2,5.2,0.184,4.7,2.8,7.5,2
Jevon Carter,2017-18,West Virginia,Big 12,37,37,1313,24.9,0.549,0.498,0.385,0.305,686.0,2.4,13.1,7.5,36.2,4.9,1.2,14.4,25.0,4.3,2.8,7.0,0.214,6.7,5.3,12.0,4
Jalen Brunson,2017-18,Villanova,Big East,40,40,1272,26.1,0.635,0.604,0.407,0.313,745.0,1.2,9.7,5.6,26.6,1.7,0.1,10.7,26.4,6.0,1.7,7.7,0.241,8.0,2.2,10.2,3
Devonte' Graham,2017-18,Kansas,Big 12,39,39,1474,21.2,0.568,0.51,0.544,0.406,770.0,2.0,9.6,6.0,31.4,2.4,0.1,15.5,23.9,4.9,1.8,6.7,0.182,6.6,2.0,8.6,4
Melvin Frazier,2017-18,Tulane,AAC,30,30,1032,22.4,0.631,0.61,0.283,0.366,442.0,3.9,14.6,9.3,17.9,3.6,2.2,16.9,22.2,2.4,1.6,3.9,0.152,4.1,2.8,6.9,6
Gary Trent Jr.,2017-18,Duke,ACC,37,37,1253,16.7,0.567,0.528,0.564,0.227,468.0,2.9,10.3,6.8,6.8,1.9,0.4,7.4,19.5,3.3,1.8,5.1,0.163,4.4,2.6,7.0,1
Khyri Thomas,2017-18,Creighton,Big East,33,33,1046,21.8,0.65,0.629,0.442,0.249,474.0,4.0,11.0,7.7,15.1,2.9,0.8,13.4,21.0,3.1,1.7,4.8,0.183,5.3,3.3,8.6,9
Jarred Vanderbilt,2017-18,Kentucky,SEC,14,0,238,21.6,0.476,0.426,0.015,0.559,103.0,23.1,27.9,25.7,10.7,1.4,5.3,14.8,20.8,0.5,0.5,1.0,0.172,3.5,2.9,6.4,1
Bruce Brown,2017-18,Miami (FL),ACC,19,19,640,16.9,0.488,0.457,0.319,0.372,242.0,4.6,20.0,12.4,21.3,2.3,2.5,16.3,21.2,0.7,1.2,1.9,0.121,1.5,3.6,5.1,2
Justin Jackson,2017-18,Maryland,Big Ten,11,10,321,14.2,0.47,0.416,0.396,0.287,119.0,11.2,21.1,16.6,12.7,1.7,3.0,21.8,24.1,0.0,0.6,0.7,0.083,0.2,1.7,1.9,7
Hamidou Diallo,2017-18,Kentucky,SEC,37,37,918,13.8,0.498,0.47,0.246,0.399,348.0,4.2,11.5,8.1,9.5,1.7,1.6,12.0,22.6,1.1,1.3,2.4,0.103,0.6,2.3,2.9,1
De'Anthony Melton,2016-17,USC,Pac-12,36,25,972,19.2,0.53,0.483,0.32,0.472,351.0,5.9,13.6,9.9,22.5,4.0,3.9,18.5,17.7,1.7,1.5,3.2,0.133,2.6,4.6,7.2,1
Sviatoslav Mykhailiuk,2017-18,Kansas,Big 12,39,39,1346,16.9,0.572,0.556,0.549,0.119,548.0,4.0,8.6,6.4,13.4,1.9,0.9,11.5,21.0,3.1,1.5,4.6,0.137,4.5,2.0,6.6,4
Keita Bates-Diop,2017-18,Ohio State,Big Ten,34,34,1125,27.5,0.577,0.544,0.357,0.274,604.0,5.7,24.5,15.6,10.5,1.6,5.9,9.5,29.4,3.6,2.5,6.1,0.216,7.8,3.3,11.1,4
Chimezie Metu,2017-18,USC,Pac-12,34,33,1053,23.5,0.574,0.538,0.102,0.388,497.0,7.2,21.1,14.2,10.0,1.5,6.3,12.8,25.8,2.6,1.8,4.4,0.167,3.1,2.5,5.6,3
Alize Johnson,2017-18,Missouri State,MVC,33,33,1028,24.1,0.528,0.481,0.365,0.363,517.0,11.4,30.4,21.0,19.3,0.9,1.5,13.6,27.1,2.7,2.0,4.7,0.183,5.6,0.3,5.9,2
Tony Carr,2017-18,Penn State,Big Ten,37,37,1308,22.2,0.527,0.482,0.338,0.307,736.0,3.0,13.4,8.2,29.3,1.4,0.9,11.0,29.9,4.0,1.9,6.0,0.182,7.0,1.2,8.2,2
Vince Edwards,2017-18,Purdue,Big Ten,35,35,1106,21.8,0.587,0.544,0.339,0.317,531.0,8.4,18.6,13.9,17.1,1.0,2.0,14.0,23.8,3.4,2.1,5.4,0.197,6.0,2.1,8.1,4
Devon Hall,2017-18,Virginia,ACC,34,34,1091,20.3,0.599,0.552,0.454,0.292,392.0,1.4,14.9,8.3,19.6,1.8,0.6,9.6,19.5,3.3,2.6,5.9,0.215,5.5,4.6,10.1,4
Shake Milton,2017-18,SMU,AAC,22,22,800,24.2,0.606,0.551,0.471,0.405,381.0,2.1,13.5,7.7,25.9,2.4,2.3,13.3,25.0,2.8,1.3,4.2,0.208,6.8,2.0,8.7,6
Raymond Spalding,2017-18,Louisville,ACC,36,34,995,25.6,0.568,0.55,0.056,0.338,452.0,13.2,20.9,17.3,9.6,3.1,6.3,13.5,22.9,2.4,2.4,4.8,0.193,4.1,4.1,8.2,3
Kevin Hervey,2017-18,Texas-Arlington,Sun Belt,33,25,1064,23.7,0.553,0.517,0.417,0.257,624.0,8.0,19.9,14.2,15.2,2.1,2.2,12.8,31.0,2.6,2.0,4.6,0.174,5.1,0.4,5.5,4
Thomas Welsh,2017-18,UCLA,Pac-12,33,33,1096,20.3,0.577,0.552,0.335,0.174,414.0,9.1,25.8,17.8,7.8,1.1,2.8,8.6,17.7,2.8,1.7,4.5,0.162,4.5,1.3,5.8,4
George King,2017-18,Colorado,Pac-12,32,31,913,18.8,0.574,0.542,0.492,0.273,384.0,7.2,23.3,15.5,8.2,1.1,2.6,15.1,23.3,1.7,1.3,3.0,0.132,3.2,1.6,4.7,4
Kostas Antetokounmpo,2017-18,Dayton,A-10,29,6,438,13.7,0.575,0.584,0.149,0.634,142.0,7.3,16.9,12.3,5.9,1.0,8.3,22.9,20.9,0.2,0.5,0.7,0.062,-3.3,1.2,-2.1,1
