,mp,per,ts_pct,efg_pct,fg3a_per_fga_pct,fta_per_fga_pct,orb_pct,drb_pct,ast_pct,stl_pct,blk_pct,tov_pct,usg_pct,ows,dws,obpm,dbpm,years,position,body_fat_pct,hand_length,hand_width,height_wo_shoes,height_w_shoes,standing_reach,weight,wingspan,3rd_NBA_season
0,1281,35.1,0.654,0.628,0.059,0.602,11.6,25.6,7.5,2.5,13.7,8.6,18.8,5.9,4.1,9.1,8.1,1,PF,7.9,229,216,2064,2096,2743,221.8,2273,1
1,1245,21.2,0.57,0.511,0.156,0.589,10.3,17.3,10.8,1.9,2.8,17.3,20.6,3.4,2.6,4.1,3.6,1,SF,7.0,229,260,1975,2019,2654,232.8,2134,1
2,1267,22.0,0.575,0.525,0.473,0.44,4.8,20.3,12.7,2.5,2.6,14.3,23.0,3.6,2.1,5.4,2.9,1,SG,6.0,216,229,1911,1949,2540,201.8,2032,1
3,891,26.3,0.565,0.534,0.317,0.331,2.4,8.8,21.2,4.6,1.5,10.4,26.7,3.2,1.7,6.0,4.8,2,SG,8.5,216,241,1892,1930,2489,221.0,2013,1
4,1242,27.4,0.549,0.512,0.027,0.462,11.1,33.0,13.1,2.0,2.9,14.2,30.0,3.7,3.5,5.4,3.4,3,PF,5.0,248,267,2026,2051,2692,244.2,2216,1
5,1105,34.0,0.635,0.562,0.465,0.519,1.9,15.8,27.1,2.5,0.7,10.7,33.0,6.7,1.4,9.1,0.7,4,PG,5.9,222,248,1873,1899,2426,188.8,2026,1
6,1111,21.2,0.528,0.487,0.263,0.374,6.9,11.9,7.2,2.0,1.1,10.8,28.1,3.1,1.9,4.5,2.3,2,SF,9.6,229,216,2007,2032,2578,227.8,2115,1
7,1088,22.3,0.558,0.534,0.413,0.2,4.7,19.2,9.2,2.3,3.0,12.0,25.3,3.0,1.8,5.1,2.8,2,SG,3.2,222,260,1981,2007,2553,196.6,2013,1
8,967,21.9,0.509,0.538,0.007,0.301,14.2,17.0,3.4,1.8,9.9,13.5,20.9,1.4,1.5,2.0,2.9,1,C,7.5,241,241,2076,2127,2781,278.6,2292,1
9,1129,16.9,0.538,0.505,0.396,0.458,2.2,10.0,13.0,1.7,0.1,13.9,25.2,2.4,1.0,3.2,0.8,1,SG,6.2,216,254,1918,1956,2451,202.8,2013,1
10,1018,24.1,0.618,0.586,0.038,0.436,9.1,25.9,9.9,0.9,6.9,16.2,22.0,2.9,1.8,3.6,3.6,2,C,5.7,235,279,2127,2165,2743,249.8,2210,1
11,1266,22.1,0.589,0.556,0.465,0.267,3.0,12.2,10.1,2.1,1.7,11.7,23.9,3.9,1.3,5.7,2.0,2,SG,4.5,222,235,1930,1962,2591,179.2,2108,1
12,1189,17.2,0.558,0.529,0.351,0.351,0.5,7.9,45.1,2.0,0.5,27.8,13.9,2.6,1.8,3.8,2.8,2,PG,7.8,216,229,1911,1937,2438,198.4,1968,1
13,1019,24.7,0.505,0.5,0.0,0.329,9.0,27.1,8.0,1.1,9.6,8.7,23.1,2.3,2.7,4.0,5.0,3,PF,8.6,235,254,2057,2096,2845,216.0,2261,1
14,1155,21.1,0.504,0.472,0.185,0.326,8.4,20.3,9.6,2.6,4.2,14.0,24.9,1.8,1.3,3.0,1.0,1,SF,5.3,235,260,2013,2051,2604,206.6,2134,1
15,1070,29.9,0.616,0.553,0.0,0.563,14.1,21.9,6.3,1.7,5.3,12.6,24.5,4.6,2.5,6.8,3.9,4,PF,6.4,229,248,2115,2146,2654,247.4,2134,1
16,1115,24.3,0.547,0.523,0.138,0.446,10.7,17.5,8.7,2.7,5.8,12.6,22.4,3.1,2.7,5.2,4.9,2,PF,7.7,229,254,2038,2070,2718,252.0,2191,1
17,962,31.6,0.638,0.601,0.138,0.429,11.1,25.1,9.4,1.3,7.3,14.7,29.5,4.0,1.7,7.2,2.1,4,PF,7.6,254,273,2045,2070,2718,234.0,2235,1
18,1123,30.2,0.591,0.538,0.091,0.519,12.4,25.8,8.6,2.3,4.0,11.5,27.9,4.8,3.0,7.5,4.1,2,PF,10.7,235,248,2026,2057,2680,268.2,2165,1
19,1177,26.0,0.656,0.62,0.666,0.334,1.7,9.1,8.4,1.5,1.0,9.4,26.2,5.4,1.1,10.3,1.5,3,SG,7.1,229,229,1911,1937,2489,212.0,2045,1
20,1245,22.1,0.568,0.507,0.336,0.614,3.4,10.4,15.7,4.1,1.2,15.2,26.0,3.4,1.6,3.4,1.6,3,SG,3.6,210,229,1918,1956,2489,187.6,1994,1
21,1062,20.4,0.488,0.453,0.125,0.591,8.0,10.7,24.5,3.5,1.2,18.7,31.2,1.6,1.6,2.5,2.2,1,PG,5.2,203,229,1949,1981,2565,203.2,2057,1
22,697,21.8,0.621,0.61,0.0,0.521,16.6,24.6,5.1,1.5,4.2,18.7,16.1,1.9,1.2,4.1,2.1,4,PF,11.4,235,229,2096,2127,2680,252.4,2153,1
23,1013,21.2,0.539,0.514,0.091,0.28,11.0,19.8,8.7,1.6,2.1,12.0,23.3,2.7,1.6,3.7,1.5,2,PF,4.6,235,241,2089,2115,2718,233.8,2178,1
24,1303,13.2,0.491,0.449,0.227,0.338,1.6,7.1,25.6,1.7,0.8,21.1,20.2,1.7,1.8,0.8,1.4,1,PG,6.3,210,197,1854,1880,2451,179.8,2013,1
25,603,21.0,0.567,0.539,0.0,0.842,13.0,19.2,2.9,1.1,9.0,20.1,25.2,1.1,1.0,0.4,3.3,4,C,5.5,229,273,2076,2121,2743,264.2,2280,1
26,1157,23.7,0.58,0.57,0.366,0.369,8.4,13.3,12.6,2.4,1.4,13.6,26.4,3.6,1.6,6.2,1.8,4,SF,4.2,210,248,1981,2013,2578,212.8,1988,1
27,979,23.3,0.602,0.606,0.0,0.448,13.6,21.4,3.6,1.6,9.5,18.9,20.0,2.0,2.3,3.6,4.0,2,PF,5.0,229,235,2051,2083,2756,229.8,2210,1
28,1153,28.8,0.598,0.568,0.406,0.372,7.0,22.6,13.5,4.3,3.1,7.9,23.4,4.5,3.1,8.4,5.4,2,SF,9.0,241,267,1949,1994,2527,241.2,2064,1
29,1229,26.1,0.542,0.504,0.284,0.367,8.2,30.7,24.2,2.7,3.3,16.8,28.2,3.5,3.6,6.5,5.6,4,PF,11.3,229,241,1975,2019,2667,235.6,2165,1
30,1067,26.0,0.56,0.527,0.357,0.397,5.8,13.8,19.0,2.0,2.4,12.2,30.5,4.0,1.2,6.5,-0.2,3,SG,7.0,229,241,1924,1962,2515,223.8,2115,1
31,1130,23.5,0.638,0.582,0.018,0.635,10.9,20.0,6.5,1.8,6.6,16.6,19.0,3.5,2.0,3.4,3.4,4,PF,7.1,241,279,1994,2026,2705,223.8,2203,1
32,903,19.4,0.541,0.485,0.223,0.369,7.5,17.5,11.6,1.7,2.9,15.4,23.9,2.1,1.3,3.4,1.9,1,SF,7.8,235,260,2051,2083,2667,218.7,2165,1
33,575,18.9,0.486,0.455,0.313,0.211,5.4,17.1,20.0,2.1,1.0,13.7,29.7,0.7,0.9,4.3,1.9,3,SF,7.8,229,229,2000,2038,2616,216.2,2102,1
34,1236,26.6,0.587,0.55,0.237,0.396,7.6,20.2,17.4,2.4,2.1,12.3,25.8,4.6,2.6,6.9,2.8,2,SG,4.1,229,241,1956,1981,2604,174.4,2076,1
35,999,30.7,0.62,0.571,0.052,0.45,9.7,26.2,10.7,1.4,1.8,12.6,30.9,4.2,2.6,7.7,2.6,5,PF,10.6,216,229,2013,2051,2642,240.8,2102,1
36,990,22.7,0.553,0.498,0.038,0.428,11.8,17.2,7.0,1.5,4.7,12.9,22.6,2.6,1.7,3.8,2.1,1,C,7.7,232,250,2091,2125,2791,242.7,2213,1
37,1043,18.1,0.593,0.566,0.493,0.228,4.3,7.9,14.4,1.9,1.2,14.8,19.2,2.9,1.6,4.5,3.1,4,SF,7.5,216,222,1981,2019,2565,233.4,2057,1
38,1125,28.6,0.616,0.581,0.089,0.626,12.0,27.9,10.9,1.3,9.2,17.0,24.9,3.7,2.5,3.2,1.8,4,PF,8.0,241,254,2045,2083,2705,240.8,2254,1
39,868,22.3,0.595,0.511,0.009,0.86,9.9,20.2,5.7,0.8,5.8,15.7,22.9,2.6,1.6,2.4,2.2,5,C,7.7,232,250,2091,2125,2791,242.7,2213,1
40,950,28.3,0.609,0.58,0.253,0.467,10.3,24.0,8.8,1.5,4.6,12.3,27.5,3.5,2.2,6.1,2.5,1,PF,8.2,230,245,2043,2074,2720,233.3,2174,1
41,1021,28.9,0.671,0.648,0.224,0.428,11.8,15.1,15.2,4.6,2.8,18.5,22.2,4.2,2.6,8.9,6.2,3,SG,6.55,222,235,1911,1937,2553,213.2,2064,1
42,1097,27.3,0.59,0.541,0.291,0.449,6.7,20.9,18.5,3.3,3.0,10.0,24.1,4.2,3.0,8.2,5.4,2,SF,6.65,222,235,2019,2045,2680,197.6,2172,1
43,1062,29.8,0.624,0.564,0.006,0.734,12.3,20.4,9.5,2.1,4.4,14.5,26.5,4.8,2.5,7.2,3.8,2,C,4.75,216,267,2102,2140,2692,230.0,2102,1
44,1004,24.5,0.57,0.535,0.025,0.472,13.2,21.0,7.8,0.5,8.0,13.1,22.8,3.0,2.0,3.6,3.2,2,C,6.4,229,273,2091,2125,2791,242.7,2222,1
45,765,27.3,0.583,0.59,0.0,0.627,10.4,23.9,9.5,3.9,13.2,17.3,17.4,1.6,2.3,4.3,7.8,1,C,4.15,241,254,2083,2127,2794,206.4,2229,1
46,1191,23.2,0.633,0.586,0.435,0.345,5.0,13.2,12.6,1.8,2.2,14.2,23.2,4.2,2.3,7.2,3.4,1,SG,5.0,222,241,1918,1949,2553,189.2,2026,1
47,1086,27.7,0.579,0.53,0.523,0.393,4.3,21.3,16.8,3.8,1.9,11.1,29.2,3.9,2.4,8.4,4.1,2,SG,6.45,216,229,1943,1968,2553,203.6,2032,1
48,1378,28.7,0.569,0.53,0.354,0.296,1.9,9.6,37.3,2.8,1.5,11.9,28.3,6.7,1.8,9.4,3.7,2,PG,6.9,210,222,1822,1861,2477,187.0,1968,1
49,372,34.7,0.628,0.58,0.33,0.376,4.0,15.8,24.9,2.7,1.2,12.3,37.2,1.9,0.6,9.0,0.3,4,SG,6.4,218,234,1932,1965,2553,202.6,2056,1
50,1409,20.9,0.491,0.438,0.302,0.472,4.0,12.7,40.1,4.7,1.8,22.2,22.2,2.7,3.5,4.0,5.5,2,PG,4.4,191,216,1949,1975,2565,184.4,2013,1
51,749,23.2,0.555,0.571,0.0,0.4,15.3,21.0,5.4,1.9,11.2,14.4,17.7,1.6,1.9,4.0,4.2,1,C,6.65,241,279,2102,2134,2781,254.5,2248,1
52,845,36.2,0.675,0.642,0.088,0.497,11.8,22.6,15.1,1.6,5.1,15.4,30.7,4.7,1.9,10.4,3.6,3,PF,6.65,216,254,2102,2134,2743,234.0,2076,1
53,987,21.9,0.528,0.487,0.232,0.395,9.9,9.3,5.8,1.3,0.4,8.6,29.8,2.9,0.8,5.8,-1.1,1,SF,9.0,229,254,1949,1988,2654,221.8,2108,1
54,1311,22.6,0.6,0.569,0.445,0.293,1.6,11.4,26.1,3.4,0.3,15.9,21.3,4.3,2.3,5.2,3.8,2,PG,3.8,191,222,1784,1816,2273,170.8,1797,1
55,1093,17.0,0.562,0.516,0.481,0.299,1.6,8.9,22.4,1.6,1.9,15.6,22.8,2.1,1.5,4.1,2.1,3,SF,4.85,229,241,1981,2013,2680,198.2,2121,1
56,1026,23.8,0.562,0.534,0.0,0.479,12.9,23.6,12.3,2.6,9.4,17.0,17.0,2.5,3.2,5.1,6.4,3,C,5.35,229,254,2076,2102,2832,229.6,2222,1
57,1248,26.3,0.628,0.599,0.0,0.688,9.7,25.1,11.5,1.7,4.0,17.4,24.5,4.3,2.6,5.9,3.6,4,C,6.15,248,241,2115,2146,2743,238.2,2108,1
58,1154,20.1,0.579,0.541,0.423,0.359,6.6,13.9,16.8,2.1,1.8,16.0,21.4,3.3,1.8,5.6,2.7,4,SF,7.6,229,267,1968,2007,2616,226.0,2057,1
59,1324,17.7,0.538,0.516,0.424,0.241,0.8,16.3,13.0,1.2,1.4,12.2,23.7,2.8,1.7,3.6,1.8,3,SG,6.05,203,235,1943,1988,2565,199.4,2007,1
60,1100,23.7,0.625,0.607,0.567,0.205,6.7,17.2,16.6,2.2,0.9,9.9,18.5,4.1,1.6,8.1,2.9,3,SG,6.95,216,229,1975,2007,2591,199.8,2051,1
61,1036,21.9,0.524,0.515,0.211,0.356,10.6,29.4,9.4,3.9,4.4,18.7,19.9,1.4,2.9,3.3,4.8,3,PF,7.05,222,241,1988,2007,2654,205.8,2108,1
62,1048,16.9,0.509,0.464,0.179,0.594,5.6,11.2,16.8,2.1,1.4,18.1,27.2,1.6,1.5,1.0,1.1,1,SG,4.55,216,229,1924,1962,2591,189.0,2070,1
63,1195,22.3,0.568,0.528,0.393,0.297,3.3,16.0,16.2,1.9,1.9,13.5,26.6,3.3,1.8,6.0,2.4,3,SG,4.65,210,216,1962,1988,2629,197.4,2115,1
64,1131,25.2,0.576,0.525,0.509,0.371,2.0,10.0,27.6,2.5,0.4,14.3,30.9,4.5,1.3,5.8,0.0,4,PG,5.9,210,241,1803,1829,2400,188.4,1943,1
65,1208,25.7,0.578,0.539,0.298,0.47,4.0,14.3,23.8,3.0,1.8,11.3,24.4,4.7,1.3,6.3,1.1,3,PG,7.3,203,222,1835,1873,2451,191.4,1911,1
66,1256,32.0,0.604,0.549,0.339,0.461,3.7,15.4,34.3,2.8,0.4,11.2,29.8,7.0,1.6,8.3,1.3,4,PG,5.5,210,222,1918,1949,2489,196.4,1924,1
67,1144,27.2,0.621,0.583,0.003,0.604,8.8,22.3,6.2,1.4,13.7,15.1,21.5,3.4,3.2,4.9,6.6,4,C,8.65,229,248,2102,2146,2807,221.8,2184,1
68,1079,35.7,0.575,0.513,0.036,0.509,11.8,31.1,18.5,1.0,7.8,9.5,31.6,5.3,3.0,8.6,3.9,4,C,6.8,216,229,2089,2121,2743,230.2,2159,1
69,664,23.5,0.586,0.535,0.392,0.401,6.9,15.4,11.0,1.4,5.4,8.4,21.4,2.4,1.1,7.2,4.0,4,PF,14.75,229,254,2076,2127,2794,228.0,2121,1
70,1093,25.3,0.616,0.565,0.415,0.407,6.9,17.0,14.4,3.1,4.2,18.3,24.9,3.4,1.4,5.7,1.4,2,SF,4.5,216,222,1975,2007,2654,200.8,2121,1
71,1129,19.9,0.509,0.449,0.228,0.419,2.4,12.3,36.7,3.4,1.6,22.2,22.8,2.3,1.3,3.5,2.0,3,PG,3.95,210,216,1930,1962,2540,189.2,2007,1
72,1148,21.4,0.563,0.499,0.299,0.538,8.4,12.3,9.2,2.1,3.1,13.1,26.3,3.2,1.7,5.7,2.6,1,SF,6.6,223,239,1983,2017,2631,215.5,2111,1
73,1074,28.4,0.558,0.511,0.212,0.429,11.4,23.1,8.6,2.1,4.0,11.9,32.7,3.6,1.9,6.6,1.0,1,PF,8.2,230,245,2043,2074,2720,233.3,2174,1
74,647,28.2,0.655,0.629,0.029,0.836,12.7,27.3,11.5,2.3,11.7,21.6,23.4,1.8,1.7,5.0,6.9,1,C,7.7,232,250,2091,2125,2791,242.7,2213,1
75,1187,20.4,0.503,0.516,0.118,0.471,10.4,19.3,13.0,1.8,3.4,10.5,23.2,2.1,3.3,3.7,4.7,1,PF,5.05,222,267,2019,2051,2667,220.1,2127,1
76,1014,26.9,0.552,0.486,0.425,0.648,5.1,14.9,30.1,5.0,1.9,14.0,29.2,3.1,2.5,6.5,5.5,2,PG,10.55,229,222,1880,1911,2515,227.2,2064,1
77,1233,24.5,0.567,0.505,0.046,0.739,13.3,24.7,10.0,1.0,2.6,16.1,25.4,3.5,2.4,5.4,2.1,1,PF,9.4,222,210,2026,2057,2680,249.7,2134,1
78,1281,22.7,0.642,0.586,0.528,0.518,1.6,8.8,18.8,1.0,0.9,12.0,24.4,5.0,1.1,8.4,0.9,2,SG,12.05,216,216,1962,1994,2591,206.9,2026,1
79,794,22.2,0.604,0.56,0.153,0.62,10.8,27.3,4.9,1.9,5.4,18.6,21.4,1.6,2.0,2.9,3.7,1,PF,7.3,248,298,2032,2070,2743,247.1,2242,1
80,1258,25.2,0.551,0.524,0.116,0.648,7.1,11.7,32.9,3.6,1.7,17.2,27.6,3.7,1.9,5.1,1.7,3,PG,5.65,222,229,1892,1924,2502,185.4,2032,1
81,1181,32.8,0.644,0.603,0.341,0.329,6.4,17.8,11.5,0.4,0.5,7.9,36.2,6.3,1.4,11.4,-0.5,4,SF,7.1,222,248,1988,2026,2616,218.0,2064,1
82,904,14.6,0.545,0.524,0.444,0.236,2.4,9.5,12.6,2.1,0.8,11.6,20.1,1.4,1.2,1.7,1.2,1,PG,4.7,210,222,1943,1975,2540,180.9,2038,1
83,1238,31.3,0.574,0.548,0.178,0.347,10.8,12.7,8.6,3.1,1.8,9.9,35.5,4.7,1.7,9.2,1.6,2,SF,7.95,222,229,2007,2038,2642,220.2,2089,1
84,870,25.1,0.607,0.565,0.294,0.39,6.8,22.9,10.2,1.0,3.8,13.1,28.9,2.7,1.7,5.5,2.0,4,PF,7.55,235,241,2057,2076,2769,238.5,2235,1
85,1296,16.6,0.536,0.498,0.522,0.393,3.7,11.0,10.8,1.4,0.6,12.3,23.4,3.0,1.7,4.2,1.9,1,SG,5.1,229,241,1962,2000,2642,213.3,2134,1
86,1215,21.3,0.511,0.453,0.236,0.414,2.6,9.0,32.3,3.9,0.7,11.9,21.9,3.2,2.2,4.8,3.9,1,PG,6.2,210,222,1854,1892,2489,181.5,2013,1
87,1131,22.5,0.561,0.518,0.505,0.312,4.0,10.2,16.8,3.4,1.6,10.3,26.8,3.3,2.0,6.6,3.7,2,SG,4.55,216,241,1892,1943,2438,204.8,2000,1
88,1150,20.1,0.59,0.55,0.41,0.328,2.9,11.7,13.2,1.3,0.8,10.2,23.8,3.6,1.2,6.3,0.9,1,SF,7.45,216,216,2013,2045,2616,208.2,2045,1
89,1404,25.5,0.591,0.517,0.433,0.48,3.4,15.0,30.8,3.2,1.0,15.8,27.5,4.9,3.1,7.5,4.5,4,PG,7.35,210,216,1803,1854,2362,175.2,1911,1
90,1116,22.0,0.598,0.556,0.529,0.271,2.3,10.6,15.4,1.7,2.8,9.9,24.6,3.6,0.9,7.4,1.0,4,SG,6.5,222,229,1918,1956,2553,201.0,2076,1
91,1266,17.3,0.51,0.488,0.223,0.295,8.8,18.4,6.8,1.0,5.9,9.8,18.0,1.9,2.1,2.8,2.5,4,SG,6.4,218,234,1932,1965,2553,202.6,2056,1
92,1196,24.7,0.566,0.517,0.154,0.493,4.5,25.5,34.3,3.1,2.7,19.1,24.1,3.1,2.6,6.3,4.5,2,SF,13.35,210,222,2019,2045,2731,230.1,2203,1
93,1212,28.4,0.566,0.505,0.303,0.402,8.8,15.9,12.8,2.3,8.9,13.3,29.1,3.6,3.1,7.4,5.6,3,SF,4.45,222,248,1943,1981,2591,195.6,2115,1
94,1066,18.7,0.565,0.547,0.533,0.337,2.7,9.8,18.1,2.2,0.9,10.9,23.3,2.6,2.4,4.5,4.1,4,SG,6.2,216,248,1949,1988,2540,215.0,1981,1
95,1020,18.7,0.526,0.495,0.007,0.455,10.8,16.6,11.5,1.0,2.9,17.8,28.5,1.2,1.5,1.1,0.2,3,PF,10.75,235,241,2013,2045,2667,256.8,2191,1
96,529,24.8,0.667,0.565,0.481,0.908,1.8,9.6,26.3,2.9,0.8,13.8,21.0,2.2,0.8,6.2,3.9,3,PG,5.35,210,229,1943,1981,2616,204.9,2038,1
97,1005,21.6,0.547,0.496,0.019,0.664,9.1,17.2,9.4,1.7,2.5,9.5,21.1,2.8,1.9,4.0,2.4,2,SF,3.75,235,235,1994,2026,2718,214.0,2203,1
98,1194,18.9,0.566,0.532,0.29,0.308,6.0,11.5,7.6,1.9,1.0,9.7,22.3,2.8,1.4,4.2,1.2,2,SF,5.05,229,241,1968,2000,2553,211.4,2083,1
99,1201,22.0,0.591,0.541,0.361,0.483,3.5,12.9,16.9,1.6,3.1,10.0,23.1,3.7,2.0,6.3,2.7,4,SG,4.2,210,248,1892,1918,2540,184.4,2051,1
100,1167,19.7,0.527,0.475,0.103,0.557,7.3,17.3,20.4,2.4,2.8,17.8,26.0,1.8,2.0,2.7,3.0,4,PF,6.2,229,235,2070,2108,2667,234.4,2146,1
101,1228,20.2,0.547,0.482,0.244,0.418,2.9,9.3,23.3,1.9,0.6,14.3,27.9,3.2,1.2,3.8,0.5,1,PG,4.3,210,229,1911,1956,2489,186.3,2032,1
102,1190,24.0,0.565,0.513,0.439,0.414,2.6,10.0,17.6,1.3,3.3,11.2,30.4,4.3,2.0,8.1,2.5,4,SG,5.2,222,216,1924,1962,2642,179.4,2146,1
103,822,31.4,0.627,0.57,0.031,0.523,14.2,22.3,11.6,1.4,11.5,14.2,23.7,3.5,2.9,6.6,7.6,1,C,7.7,232,250,2091,2125,2791,242.7,2213,1
104,1188,26.6,0.573,0.541,0.449,0.303,3.6,15.4,30.1,2.8,1.1,14.8,30.2,4.4,2.4,8.6,3.3,1,PG,8.3,222,248,1911,1956,2591,193.4,2076,1
105,1143,30.7,0.641,0.664,0.0,0.462,14.8,18.2,9.4,1.5,4.5,15.6,27.6,4.5,2.2,7.7,2.7,1,C,7.7,232,250,2091,2125,2791,242.7,2213,1
106,1012,23.8,0.588,0.572,0.0,0.542,11.1,17.3,7.4,2.9,7.1,13.9,17.8,2.6,3.4,5.4,7.1,3,C,6.3,241,229,2115,2146,2819,242.4,2210,1
107,1081,22.5,0.551,0.501,0.297,0.456,8.9,19.1,11.6,3.2,1.6,14.7,26.6,2.8,2.9,5.0,4.4,1,SF,7.5,229,229,1956,1994,2591,241.8,2121,1
108,1311,34.4,0.628,0.59,0.207,0.41,6.0,25.7,18.4,1.7,4.5,9.8,28.6,6.9,2.9,11.2,5.0,4,C,9.4,216,241,2127,2153,2781,231.2,2108,1
109,1135,22.3,0.572,0.551,0.309,0.438,5.4,19.8,13.2,2.8,2.9,14.2,22.9,3.1,2.5,5.3,4.6,1,SF,5.3,216,235,1943,1994,2654,221.8,2089,1
110,755,25.5,0.556,0.488,0.241,0.436,7.2,24.9,6.2,0.8,12.3,13.2,25.1,1.9,2.1,3.4,6.0,1,C,9.3,235,235,2076,2121,2845,238.6,2235,1
111,828,19.8,0.543,0.496,0.121,0.425,9.9,16.1,9.2,1.4,2.1,12.4,20.8,2.1,2.3,3.9,4.1,1,PF,12.1,235,260,2057,2089,2743,241.2,2172,1
112,816,19.4,0.6,0.571,0.491,0.223,2.6,7.8,10.9,1.3,0.3,10.4,22.8,2.7,1.8,6.1,3.3,1,SG,8.3,222,229,1943,1975,2604,205.8,2038,1
113,1127,30.1,0.573,0.534,0.415,0.315,2.2,10.6,40.0,3.6,1.6,12.4,31.5,5.5,1.8,8.6,1.3,2,PG,6.3,216,210,1848,1867,2477,182.8,2013,1
114,756,21.1,0.555,0.512,0.383,0.444,6.4,19.2,8.1,3.3,1.8,12.5,23.1,1.7,1.7,4.7,4.1,1,SF,5.7,229,222,1975,2000,2604,202.8,2191,1
115,1260,22.1,0.509,0.457,0.301,0.338,3.8,13.9,19.7,3.5,0.5,11.6,27.8,3.0,3.0,4.8,4.6,2,PG,5.6,210,216,1842,1886,2502,190.2,2038,1
116,742,20.2,0.547,0.521,0.43,0.299,2.3,13.7,11.8,1.5,1.1,11.8,30.8,1.4,1.1,4.5,0.1,1,SG,6.2,203,216,1924,1956,2565,198.6,2007,1
117,1239,25.5,0.605,0.586,0.372,0.278,8.4,14.8,8.6,1.1,1.5,7.3,23.2,5.1,1.9,8.5,1.8,3,SF,7.5,216,235,2026,2057,2692,218.6,2121,1
118,1408,25.5,0.592,0.536,0.37,0.511,1.3,8.3,33.6,2.8,1.4,13.4,24.2,6.1,1.6,7.3,1.7,4,PG,5.6,210,216,1911,1937,2540,198.0,2019,1
119,1165,29.2,0.619,0.549,0.225,0.565,4.0,13.7,33.0,4.0,3.2,14.2,22.8,5.3,3.1,8.7,6.9,2,PG,6.6,203,216,1937,1968,2578,181.4,2019,1
120,724,23.8,0.61,0.572,0.471,0.371,3.1,14.4,14.0,1.6,2.5,10.7,23.3,2.5,1.8,7.9,4.8,3,SF,5.0,216,241,1962,1988,2565,230.6,2127,1
121,1076,29.5,0.582,0.552,0.064,0.335,13.6,20.2,8.8,2.1,4.8,9.4,26.7,4.2,1.9,7.6,1.4,2,PF,8.9,241,235,2070,2096,2756,246.2,2184,1
122,1090,21.8,0.573,0.513,0.105,0.745,9.0,20.1,10.1,2.4,3.4,13.7,20.5,3.1,2.9,4.4,5.0,2,SF,5.0,222,248,1968,2007,2642,210.8,2184,1
123,1322,20.4,0.575,0.489,0.383,0.5,1.8,9.9,27.5,2.7,0.2,15.9,18.7,4.4,2.1,6.0,3.3,1,PG,6.5,210,222,1842,1880,2464,184.6,1956,1
124,1159,21.6,0.565,0.526,0.131,0.511,9.7,18.1,10.5,1.9,1.8,15.7,24.8,2.7,2.4,3.0,1.6,2,PF,10.1,210,241,2032,2064,2705,238.6,2057,1
125,1082,25.3,0.581,0.533,0.117,0.403,6.0,21.1,20.0,2.3,4.3,14.0,28.5,2.8,2.6,4.0,2.9,4,PF,6.4,229,248,2019,2045,2743,226.6,2172,1
126,1294,25.8,0.552,0.473,0.51,0.447,2.8,12.5,20.3,3.6,3.6,11.0,29.6,4.4,2.5,5.7,1.4,3,SG,6.0,216,210,1943,1981,2642,185.0,2096,1
127,450,18.9,0.508,0.482,0.009,0.628,9.0,18.5,8.2,3.6,8.5,19.3,20.7,0.3,1.2,-0.1,5.3,1,PF,6.2,222,222,2038,2057,2769,199.0,2216,1
128,1113,21.9,0.532,0.505,0.165,0.458,12.2,21.0,9.1,2.5,3.3,10.3,19.7,2.8,2.0,4.7,2.3,1,PF,11.9,241,235,2032,2064,2794,222.4,2222,1
129,1229,24.8,0.588,0.578,0.098,0.508,10.0,19.1,9.2,1.6,3.7,12.9,22.3,3.6,3.0,5.9,3.6,3,PF,11.9,229,248,2007,2019,2769,253.4,2242,1
130,1081,21.7,0.533,0.505,0.024,0.388,10.5,19.6,7.6,1.5,9.6,18.4,25.0,1.2,2.6,1.2,3.6,2,PF,7.2,222,241,2007,2038,2692,238.0,2216,1
131,892,30.4,0.625,0.594,0.147,0.522,11.6,20.9,7.2,1.5,11.2,14.1,25.6,3.2,2.0,5.5,3.2,3,PF,8.8,216,216,2038,2070,2743,242.8,2172,1
132,1007,23.1,0.576,0.543,0.528,0.267,2.0,10.7,15.9,3.8,1.3,8.8,25.2,3.3,2.2,5.6,4.4,4,SG,6.4,218,234,1932,1965,2553,202.6,2056,1
133,1162,22.9,0.56,0.519,0.321,0.311,2.9,13.2,24.4,3.8,2.0,15.7,25.5,3.2,1.4,5.5,2.7,4,SG,6.4,218,234,1932,1965,2553,202.6,2056,1
134,1351,19.4,0.615,0.597,0.618,0.18,4.2,20.4,7.6,1.3,2.7,10.2,17.7,3.5,1.9,6.1,1.5,4,SG,10.2,216,235,1930,1962,2438,215.0,2032,1
135,1322,23.2,0.568,0.524,0.431,0.226,1.7,11.6,21.3,1.8,0.1,11.7,28.7,4.4,1.2,6.5,0.3,2,PG,5.8,211,224,1871,1904,2479,186.7,1990,1
136,994,18.0,0.531,0.446,0.352,0.596,1.7,8.1,26.0,2.5,0.9,15.7,21.4,2.6,2.5,3.7,4.7,2,PG,5.9,210,235,1943,1968,2540,213.2,2057,1
137,1244,19.6,0.54,0.497,0.255,0.362,1.9,13.3,12.8,3.2,1.5,12.8,25.3,2.5,1.9,3.1,3.2,4,SG,6.4,235,229,1905,1937,2604,215.4,2102,1
138,1151,29.0,0.6,0.561,0.008,0.769,9.6,26.8,27.4,3.1,2.5,17.4,26.4,3.9,2.1,7.0,3.3,1,PF,8.2,230,245,2043,2074,2720,233.3,2174,1
139,1246,22.5,0.552,0.525,0.403,0.351,6.0,15.5,11.4,1.9,3.6,11.3,25.5,3.4,1.5,6.0,2.0,1,SF,6.6,223,239,1983,2017,2631,215.5,2111,1
140,939,17.6,0.518,0.471,0.27,0.574,4.4,16.6,15.3,1.7,2.2,17.9,31.4,1.0,1.8,1.1,2.5,1,SG,5.05,222,229,1962,2000,2604,222.8,2127,1
141,1088,23.3,0.541,0.499,0.275,0.462,3.5,14.8,41.8,4.3,1.9,18.8,28.1,2.2,2.3,4.7,5.4,4,PG,5.8,211,224,1905,1937,2540,186.7,2070,1
142,1309,28.2,0.665,0.623,0.536,0.333,4.0,13.1,12.7,1.8,1.4,14.0,30.2,5.7,1.9,10.6,2.2,4,SG,6.1,216,229,1924,1956,2565,212.4,2064,1
143,1267,22.7,0.59,0.559,0.515,0.283,4.9,11.2,12.1,1.6,0.9,12.1,27.3,4.4,1.7,8.1,1.4,1,PG,5.8,211,224,1871,1904,2479,186.7,1990,1
144,848,21.6,0.585,0.561,0.178,0.382,9.8,11.6,6.3,1.9,5.8,14.7,24.1,1.9,1.2,2.8,2.2,1,PF,8.5,229,229,2051,2083,2667,233.0,2140,1
145,1093,31.1,0.665,0.646,0.0,0.674,11.9,22.1,13.9,1.1,5.0,13.7,25.6,4.9,1.9,7.6,2.8,2,C,5.8,235,260,2140,2159,2832,239.0,2203,1
146,1149,29.3,0.654,0.618,0.036,0.499,11.7,28.3,11.3,1.1,2.7,16.0,25.5,4.6,2.8,5.7,2.5,2,C,7.7,232,250,2091,2125,2791,242.7,2213,1
147,1040,20.8,0.537,0.493,0.339,0.337,9.2,14.8,14.8,2.4,2.7,15.3,28.1,2.4,1.4,5.3,1.3,4,SF,6.45,229,216,1994,2026,2591,220.2,2121,1
148,1022,29.7,0.608,0.579,0.527,0.214,3.0,21.2,45.8,1.9,0.7,14.8,28.5,5.0,2.2,11.3,4.3,4,SG,9.2,216,248,1930,1975,2591,210.4,2102,1
149,1002,20.7,0.571,0.492,0.32,0.614,1.5,11.6,33.7,2.3,1.0,18.2,25.3,2.7,1.8,4.1,3.0,2,PG,5.2,229,248,1892,1930,2540,201.8,2115,1
150,1107,20.9,0.534,0.48,0.239,0.439,7.8,24.2,11.0,1.4,4.4,12.9,26.7,2.0,2.0,2.8,1.1,1,PF,11.2,216,248,2083,2121,2743,242.0,2191,1
151,1014,20.8,0.583,0.541,0.361,0.326,5.0,15.1,9.8,1.8,0.6,11.5,24.2,2.9,1.1,5.2,1.0,1,SG,6.9,216,229,1918,1943,2553,189.8,2007,1
152,464,28.8,0.636,0.596,0.401,0.42,2.4,18.9,33.3,2.0,0.7,11.4,25.6,2.2,0.7,8.5,2.9,4,SG,7.55,216,235,1975,2007,2565,191.0,2083,1
153,1341,22.4,0.539,0.513,0.258,0.358,4.3,18.0,24.1,2.2,2.5,11.2,24.4,3.4,2.5,4.7,3.4,3,SG,7.0,203,235,1937,1975,2565,206.6,2064,1
154,1272,13.8,0.51,0.465,0.544,0.381,1.7,12.1,12.8,2.0,0.9,14.0,23.2,1.5,1.8,1.4,2.1,1,SG,7.0,222,254,1949,1988,2578,199.6,2134,1
155,1176,31.6,0.569,0.542,0.029,0.396,13.4,23.6,12.1,1.7,6.5,10.0,29.1,4.4,3.4,5.5,2.7,2,PF,5.2,235,254,2038,2070,2731,226.6,2216,1
156,567,18.6,0.54,0.516,0.011,0.326,7.3,14.7,3.6,0.9,10.3,13.1,22.2,0.9,1.1,-1.3,4.0,1,PF,5.7,222,229,2096,2127,2680,215.8,2197,1
157,1139,16.8,0.485,0.451,0.243,0.342,4.1,13.7,25.6,2.8,0.8,16.3,25.8,1.2,1.6,1.9,1.8,1,PG,5.8,211,224,1871,1904,2479,186.7,1990,1
158,866,23.3,0.584,0.59,0.01,0.538,9.9,17.3,10.2,0.5,5.9,14.2,26.8,2.0,1.8,3.1,3.0,3,C,6.55,222,267,2089,2121,2718,243.6,2229,1
159,650,23.9,0.601,0.598,0.0,0.191,13.5,19.0,7.5,0.8,10.2,12.1,19.3,1.7,1.6,3.4,4.5,1,PF,9.7,229,235,2064,2096,2756,237.2,2197,1
160,202,20.5,0.572,0.569,0.0,0.466,10.4,27.1,0.9,2.0,11.9,19.4,21.7,0.2,0.6,-1.6,5.4,1,PF,5.6,216,248,2019,2057,2731,218.6,2248,1
161,1263,25.1,0.585,0.532,0.382,0.31,2.1,13.4,19.5,1.8,0.9,8.3,28.4,4.9,2.1,8.1,3.2,4,SG,5.4,229,260,1924,1968,2489,223.0,2096,1
162,1113,21.3,0.591,0.56,0.515,0.294,3.6,12.4,22.7,3.9,1.2,14.2,20.3,2.7,2.2,3.9,3.7,2,PG,4.7,222,222,1962,2000,2553,180.8,2083,1
163,1259,21.0,0.56,0.514,0.381,0.325,3.0,8.0,25.1,2.1,0.8,13.3,24.1,3.8,0.6,5.2,0.8,3,PG,6.5,210,229,1829,1861,2362,193.8,1968,1
164,1112,18.8,0.64,0.602,0.514,0.339,4.4,14.4,7.0,2.1,3.4,15.8,18.2,2.4,2.0,4.8,3.3,4,SF,7.1,210,235,2032,2064,2591,208.6,2064,1
165,1162,25.9,0.625,0.6,0.276,0.23,4.8,15.6,19.2,1.5,1.8,13.8,28.7,4.2,1.4,7.1,1.6,4,PF,10.05,235,235,2000,2045,2616,230.8,2083,1
166,1088,15.8,0.583,0.555,0.415,0.315,2.9,14.4,8.0,1.9,2.1,16.9,21.5,1.5,1.4,1.9,1.6,2,SG,6.4,218,234,1932,1965,2553,202.6,2056,1
167,901,19.7,0.513,0.477,0.245,0.449,3.5,14.3,28.5,1.8,1.3,15.1,27.4,1.8,1.6,3.6,3.0,4,PG,5.8,211,224,1871,1904,2479,186.7,1990,1
168,892,28.0,0.558,0.535,0.287,0.383,4.0,13.9,35.5,2.5,3.1,13.4,31.4,3.3,0.6,7.7,1.7,1,PG,5.8,211,224,1871,1904,2479,186.7,1990,1
169,1263,24.7,0.673,0.668,0.566,0.286,3.2,14.3,31.4,2.8,2.1,18.6,18.1,4.8,2.0,8.1,3.9,1,PG,5.8,211,224,1871,1904,2479,186.7,1990,1
170,966,22.0,0.566,0.507,0.321,0.381,4.8,19.7,12.4,2.3,3.2,15.0,26.2,2.3,1.8,4.6,3.2,1,SF,6.6,223,239,1983,2017,2631,215.5,2111,1
171,1077,24.2,0.559,0.552,0.21,0.403,8.7,17.5,18.2,3.1,3.5,15.9,27.2,2.7,2.2,5.7,4.2,1,SF,6.6,223,239,1983,2017,2631,215.5,2111,1
172,1064,22.7,0.549,0.498,0.154,0.474,2.1,12.2,28.6,2.7,0.7,13.7,27.5,3.1,2.1,4.3,3.9,1,PG,4.5,216,216,1880,1911,2540,169.6,1994,1
173,839,24.6,0.614,0.568,0.348,0.461,7.7,25.1,7.5,2.4,6.2,13.3,20.3,2.4,1.9,5.8,4.2,1,PF,8.2,230,245,2043,2074,2720,233.3,2174,1
174,1140,25.0,0.635,0.584,0.434,0.436,10.0,17.5,5.6,0.8,1.8,8.1,22.5,4.8,1.8,7.9,1.5,1,PF,8.2,230,245,2043,2074,2720,233.3,2174,1
175,1114,23.1,0.563,0.52,0.364,0.476,2.7,11.5,34.2,3.1,1.2,17.3,27.2,3.1,0.9,5.4,1.1,1,PG,5.8,211,224,1871,1904,2479,186.7,1990,1
176,673,31.0,0.703,0.676,0.101,0.715,12.1,23.3,4.4,1.5,9.8,17.8,24.8,2.6,2.4,4.6,6.0,1,PF,8.9,222,235,2089,2134,2819,232.2,2159,1
177,1218,21.5,0.586,0.543,0.47,0.323,1.1,7.3,13.3,1.6,1.5,10.4,27.2,3.9,1.9,6.5,2.5,1,SG,6.4,218,234,1932,1965,2553,202.6,2056,1
178,1314,24.4,0.629,0.579,0.414,0.386,3.9,12.1,13.6,1.4,0.9,9.3,24.0,5.5,1.6,8.4,2.0,2,SG,6.6,203,222,1943,1968,2502,196.2,1962,1
179,1098,21.8,0.534,0.498,0.509,0.243,3.7,12.9,16.0,3.7,1.7,10.2,24.6,3.0,2.4,5.7,5.5,2,SG,5.9,216,241,1861,1905,2464,211.4,2083,1
180,1145,22.0,0.624,0.599,0.0,0.831,11.1,17.3,4.7,1.2,4.9,13.9,18.5,3.3,2.3,4.5,3.6,1,C,7.7,232,250,2091,2125,2791,242.7,2213,1
181,885,25.2,0.671,0.689,0.051,0.294,8.0,19.0,8.5,1.9,5.9,15.1,22.0,2.5,1.8,4.2,4.2,1,C,7.8,222,248,2083,2115,2832,229.0,2210,1
182,1155,20.9,0.628,0.605,0.361,0.197,6.6,16.5,8.5,1.1,5.2,11.2,18.3,3.2,1.6,5.4,2.5,3,PF,6.4,235,260,2051,2096,2781,234.4,2210,1
183,1048,26.6,0.66,0.652,0.152,0.278,9.0,19.7,13.2,1.1,3.5,10.8,22.0,4.2,1.6,6.5,2.1,1,PF,6.8,216,241,2051,2076,2718,222.2,2108,1
184,878,35.9,0.658,0.622,0.003,0.585,16.4,25.6,4.5,1.3,6.6,11.1,29.9,4.6,1.0,9.3,0.7,2,PF,5.4,229,254,2038,2070,2705,225.2,2115,1
185,300,19.8,0.57,0.577,0.0,0.308,16.4,21.6,5.6,1.7,5.3,16.8,17.9,0.6,0.6,1.5,2.9,1,PF,5.2,241,273,2064,2096,2781,232.0,2216,1
186,1061,20.3,0.571,0.566,0.022,0.472,10.9,18.9,5.7,1.0,5.0,17.8,22.6,1.5,1.7,2.6,2.6,1,C,7.4,241,267,2057,2089,2781,233.6,2267,1
187,402,23.8,0.611,0.615,0.369,0.393,8.5,16.1,11.0,3.0,5.5,15.2,20.8,1.1,0.7,5.4,3.5,2,SF,6.8,235,241,1988,2026,2731,232.4,2191,1
188,1139,26.2,0.62,0.572,0.202,0.499,10.7,32.7,18.9,0.8,2.5,18.5,28.1,3.7,2.6,6.1,3.4,2,PF,12.55,229,260,2019,2045,2718,246.6,2222,1
189,894,25.0,0.565,0.542,0.233,0.352,11.3,23.3,15.2,1.1,1.6,12.8,27.0,2.8,1.8,5.6,0.7,3,SF,9.4,216,241,2032,2070,2731,222.6,2140,1
190,553,26.2,0.59,0.573,0.0,0.59,18.6,19.0,7.2,1.0,4.4,9.9,20.7,2.1,1.0,5.6,2.3,1,C,12.0,241,241,2064,2102,2858,248.8,2261,1
191,1116,27.3,0.627,0.578,0.356,0.45,3.5,10.5,28.6,2.2,4.9,14.2,25.3,4.5,1.4,9.0,3.4,1,PG,6.2,210,216,1911,1943,2578,189.8,2019,1
192,1193,28.2,0.619,0.59,0.395,0.367,5.8,17.6,18.8,2.9,1.0,11.5,27.8,5.1,2.6,8.1,3.9,4,SG,5.8,216,241,1924,1956,2565,209.2,2038,1
193,895,17.0,0.598,0.564,0.459,0.363,3.1,8.3,12.6,1.3,0.2,12.9,21.1,2.4,0.9,3.7,1.4,1,PG,6.7,210,229,1880,1918,2489,201.6,2019,1
194,1098,20.1,0.585,0.532,0.271,0.506,4.1,20.0,22.9,1.9,1.2,17.2,22.3,2.6,1.8,4.9,2.6,4,SG,4.0,222,241,1968,2000,2680,193.4,2159,1
195,1301,25.5,0.622,0.573,0.354,0.484,2.0,10.5,26.1,2.0,0.2,12.4,25.6,5.8,1.7,8.6,2.7,4,PG,5.8,211,224,1871,1904,2479,186.7,1990,1
196,1195,26.5,0.621,0.572,0.399,0.508,8.4,15.0,9.3,0.8,1.6,8.5,25.9,5.5,2.2,8.3,1.1,1,SF,5.5,222,241,1962,2000,2591,241.4,2076,1
197,1124,26.4,0.658,0.641,0.052,0.435,12.2,22.4,11.4,2.5,8.5,18.8,18.0,3.2,3.0,5.3,5.5,3,PF,5.4,235,241,2007,2045,2654,223.6,2127,1
198,1008,20.8,0.544,0.51,0.35,0.282,4.0,12.0,11.6,1.9,0.4,11.4,29.4,2.5,1.3,4.6,1.0,2,SG,7.9,222,254,1949,1988,2629,221.6,2083,1
199,954,21.6,0.601,0.56,0.211,0.519,9.7,17.2,9.8,1.6,5.7,18.0,22.2,2.4,1.4,3.8,2.4,2,PF,9.4,241,260,2070,2102,2858,247.8,2286,1
200,1098,23.9,0.611,0.595,0.567,0.123,5.1,18.1,6.9,1.6,0.6,6.8,23.1,3.9,2.0,8.2,1.3,2,SG,5.3,216,235,1943,1968,2540,205.2,2057,1
201,886,25.5,0.585,0.556,0.336,0.299,4.8,9.7,23.1,2.5,2.0,13.0,31.6,3.1,1.6,6.2,2.9,3,SG,7.5,210,235,1956,1981,2553,220.2,1981,1
202,1143,21.7,0.583,0.546,0.387,0.313,6.0,16.9,17.9,2.7,2.2,14.6,21.9,3.3,2.7,4.8,4.0,4,SG,6.4,218,234,1932,1965,2553,202.6,2056,1
203,1051,30.3,0.59,0.51,0.337,0.59,8.0,16.3,19.1,3.6,3.4,11.9,29.5,4.4,2.8,11.0,6.2,4,SG,7.8,222,222,1918,1949,2616,211.6,2083,1
204,1237,24.7,0.555,0.523,0.308,0.239,3.7,11.3,32.0,2.4,0.8,7.5,22.8,4.8,1.7,7.5,3.0,4,PG,6.9,210,222,1861,1892,2451,175.2,1930,1
205,696,21.1,0.57,0.507,0.209,0.645,1.8,13.7,30.2,2.3,2.7,17.4,24.0,1.8,0.9,5.1,3.7,3,PG,8.3,210,229,1930,1975,2604,176.4,2057,1
206,1020,16.7,0.57,0.521,0.318,0.492,1.5,13.8,17.8,3.1,2.3,18.3,18.1,1.7,2.0,2.2,5.2,2,PG,6.4,216,222,1854,1886,2527,192.4,2064,1
207,1172,32.6,0.65,0.625,0.078,0.424,13.5,28.2,10.2,1.0,6.1,11.3,26.6,5.5,2.1,8.6,2.4,1,C,7.7,232,250,2091,2125,2791,242.7,2213,1
208,1118,30.6,0.643,0.64,0.132,0.475,13.8,21.5,8.8,1.4,2.6,12.2,26.3,4.8,2.1,8.8,2.0,1,PF,8.2,230,245,2043,2074,2720,233.3,2174,1
209,764,26.9,0.647,0.595,0.414,0.573,8.8,19.7,9.3,1.6,14.3,17.4,23.5,2.3,2.2,4.4,7.3,1,PF,8.2,230,245,2043,2074,2720,233.3,2174,1
210,1133,28.3,0.585,0.518,0.531,0.443,1.3,10.0,48.6,2.5,0.7,18.2,37.1,4.6,1.1,9.7,1.3,1,PG,5.35,203,235,1842,1873,2426,177.8,1905,1
211,906,28.3,0.593,0.567,0.189,0.441,12.2,28.2,3.6,1.5,13.1,12.3,21.3,2.4,2.4,5.0,5.9,1,C,6.2,248,260,2115,2153,2934,225.6,2388,1
212,997,28.2,0.628,0.591,0.144,0.527,12.8,23.2,13.0,1.7,7.6,15.8,22.8,3.6,2.3,6.3,5.1,1,C,7.7,232,250,2091,2125,2791,242.7,2213,1
213,987,23.5,0.567,0.498,0.299,0.575,4.1,9.8,27.8,1.6,0.3,14.2,32.9,3.2,1.2,5.8,1.1,1,PG,5.6,210,216,1842,1867,2502,183.0,2013,1
214,1198,17.0,0.556,0.51,0.38,0.373,3.3,14.5,8.7,1.5,1.0,14.1,24.6,2.3,1.7,3.3,1.8,1,SF,4.95,222,235,2026,2057,2743,212.6,2127,1
215,1285,26.8,0.655,0.623,0.503,0.282,5.2,13.8,10.6,2.7,3.5,9.1,23.2,5.4,2.4,8.7,4.1,3,SF,6.6,223,239,1983,2017,2631,215.5,2111,1
216,1248,21.2,0.578,0.516,0.151,0.464,3.2,10.0,28.8,2.8,1.7,17.9,21.9,3.3,1.9,5.3,3.7,1,PG,3.0,229,229,1943,1981,2642,180.0,2121,1
217,1067,22.6,0.572,0.535,0.427,0.239,5.2,18.2,16.9,1.2,2.5,11.6,27.1,3.3,2.2,6.2,2.5,2,SF,5.9,229,248,1962,2000,2629,220.4,2070,1
218,1260,21.3,0.608,0.564,0.386,0.343,1.5,9.7,19.5,1.4,0.4,13.9,27.3,3.9,1.0,5.5,0.1,3,SG,6.05,229,254,1930,1956,2489,188.4,2013,1
219,1093,16.6,0.532,0.494,0.342,0.326,5.9,18.0,18.7,2.9,0.8,18.8,21.0,1.5,1.6,1.4,2.3,1,SF,7.05,229,248,1975,2000,2667,208.0,2089,1
220,1170,20.9,0.608,0.59,0.542,0.274,4.9,13.9,20.0,2.0,0.7,15.2,22.4,3.7,1.8,6.1,2.9,3,SG,5.0,210,229,1918,1943,2477,200.6,1981,1
221,888,16.3,0.527,0.503,0.509,0.204,1.7,9.2,13.0,2.0,1.8,9.6,22.4,1.6,1.3,2.9,2.3,1,SG,5.65,229,241,1924,1943,2527,196.2,2089,1
222,1101,19.4,0.64,0.616,0.543,0.307,3.7,12.9,20.3,1.1,2.1,17.8,21.5,3.0,1.6,5.7,2.1,2,SG,8.6,210,216,1988,2013,2578,194.0,2019,1
223,873,22.3,0.55,0.475,0.313,0.506,7.3,13.1,15.6,2.9,2.8,13.3,27.3,2.1,1.3,5.8,2.2,2,SG,5.2,229,248,1905,1943,2591,210.8,2134,1
224,1319,18.8,0.58,0.536,0.637,0.293,1.8,8.0,21.2,2.8,0.2,13.8,20.7,4.0,2.0,5.0,3.4,4,SG,5.55,210,254,1905,1943,2464,198.0,2013,1
225,961,25.9,0.575,0.528,0.296,0.519,3.4,25.6,24.1,2.7,0.9,16.2,33.2,2.8,2.2,5.1,3.8,4,SF,6.6,223,239,1983,2017,2631,215.5,2111,1
226,1244,21.1,0.609,0.557,0.446,0.417,1.6,8.7,29.9,1.9,0.7,18.5,26.7,3.7,1.2,5.3,0.6,3,PG,6.4,222,216,1822,1848,2464,187.0,2019,1
227,1078,24.7,0.619,0.605,0.391,0.264,6.5,24.7,6.7,2.1,2.0,10.8,25.9,3.1,2.6,5.4,3.8,3,C,6.75,229,273,2096,2121,2743,241.4,2134,1
228,1015,21.4,0.655,0.622,0.603,0.327,1.6,9.7,28.8,1.3,0.7,15.5,20.7,3.8,1.1,7.3,1.3,3,PG,4.85,203,229,1930,1962,2540,188.6,2000,1
229,769,25.5,0.614,0.632,0.055,0.318,10.2,26.8,10.8,1.8,10.4,17.0,19.0,1.5,2.0,4.5,6.2,2,C,7.7,232,250,2091,2125,2791,242.7,2213,1
230,1313,24.9,0.549,0.498,0.385,0.305,2.4,13.1,36.2,4.9,1.2,14.4,25.0,4.3,2.8,6.7,5.3,4,PG,4.15,235,216,1835,1867,2413,196.2,1937,1
231,1272,26.1,0.635,0.604,0.407,0.313,1.2,9.7,26.6,1.7,0.1,10.7,26.4,6.0,1.7,8.0,2.2,3,PG,6.7,210,235,1854,1886,2438,198.4,1930,1
232,1474,21.2,0.568,0.51,0.544,0.406,2.0,9.6,31.4,2.4,0.1,15.5,23.9,4.9,1.8,6.6,2.0,4,PG,4.8,216,241,1835,1867,2438,186.4,1988,1
233,1253,16.7,0.567,0.528,0.564,0.227,2.9,10.3,6.8,1.9,0.4,7.4,19.5,3.3,1.8,4.4,2.6,1,PG,5.8,211,224,1871,1904,2479,186.7,1990,1
234,1046,21.8,0.65,0.629,0.442,0.249,4.0,11.0,15.1,2.9,0.8,13.4,21.0,3.1,1.7,5.3,3.3,3,SG,6.4,222,235,1892,1924,2565,198.8,2096,1
235,238,21.6,0.476,0.426,0.015,0.559,23.1,27.9,10.7,1.4,5.3,14.8,20.8,0.5,0.5,3.5,2.9,1,PF,8.2,230,245,2043,2074,2720,233.3,2174,1
236,640,16.9,0.488,0.457,0.319,0.372,4.6,20.0,21.3,2.3,2.5,16.3,21.2,0.7,1.2,1.5,3.6,2,SG,3.75,216,216,1918,1956,2502,194.6,2057,1
237,918,13.8,0.498,0.47,0.246,0.399,4.2,11.5,9.5,1.7,1.6,12.0,22.6,1.1,1.3,0.6,2.3,1,SG,4.45,222,229,1937,1981,2616,197.0,2121,1
238,972,19.2,0.53,0.483,0.32,0.472,5.9,13.6,22.5,4.0,3.9,18.5,17.7,1.7,1.5,2.6,4.6,1,SG,5.2,216,241,1886,1911,2527,193.2,2045,1
239,1346,16.9,0.572,0.556,0.549,0.119,4.0,8.6,13.4,1.9,0.9,11.5,21.0,3.1,1.5,4.5,2.0,4,SG,8.45,210,241,1994,2026,2540,211.6,1949,1
240,1125,27.5,0.577,0.544,0.357,0.274,5.7,24.5,10.5,1.6,5.9,9.5,29.4,3.6,2.5,7.8,3.3,4,SG,5.35,229,216,2013,2045,2705,223.8,2216,1
241,1053,23.5,0.574,0.538,0.102,0.388,7.2,21.1,10.0,1.5,6.3,12.8,25.8,2.6,1.8,3.1,2.5,3,PF,5.05,229,235,2045,2070,2743,219.6,2146,1
242,1028,24.1,0.528,0.481,0.365,0.363,11.4,30.4,19.3,0.9,1.5,13.6,27.1,2.7,2.0,5.6,0.3,2,PF,8.1,216,248,2013,2032,2616,216.6,2051,1
243,800,24.2,0.606,0.551,0.471,0.405,2.1,13.5,25.9,2.4,2.3,13.3,25.0,2.8,1.3,6.8,2.0,3,SG,6.8,222,241,1943,1968,2527,207.2,2153,1
244,438,13.7,0.575,0.584,0.149,0.634,7.3,16.9,5.9,1.0,8.3,22.9,20.9,0.2,0.5,-3.3,1.2,1,PF,5.0,235,241,2057,2096,2794,194.8,2191,1
245,1072,22.8,0.536,0.54,0.037,0.625,9.4,26.2,34.5,2.2,3.0,23.4,26.5,2.1,2.0,4.3,3.8,1,PF,10.6,241,292,2007,2032,2654,260.6,2134,0
246,763,20.7,0.581,0.566,0.0,0.347,12.3,14.6,5.0,1.2,13.0,17.6,16.5,1.5,1.5,1.0,4.3,2,C,9.2,229,254,2102,2134,2794,255.0,2197,0
247,1073,25.2,0.61,0.561,0.055,0.485,12.2,23.5,7.0,1.4,2.1,15.3,23.3,3.6,1.4,4.8,0.4,1,PF,7.7,235,235,2070,2102,2705,232.8,2191,0
248,1303,19.8,0.569,0.538,0.321,0.42,0.7,7.5,29.7,2.4,0.5,19.5,27.5,3.1,2.1,5.0,2.2,4,PG,4.2,222,222,1899,1930,2477,177.0,1988,0
249,1249,19.2,0.624,0.577,0.442,0.404,1.5,8.2,8.8,0.9,0.2,9.1,19.7,4.6,1.6,5.3,1.9,2,SG,6.7,216,222,1911,1949,2502,199.4,2000,0
250,1175,20.6,0.658,0.64,0.518,0.366,3.4,13.0,8.6,2.3,0.9,13.3,20.0,3.7,1.3,5.8,1.3,4,SG,4.3,216,222,1943,1975,2489,192.0,1994,0
251,1139,20.8,0.549,0.518,0.353,0.32,3.3,16.7,16.3,1.4,0.7,14.8,32.3,2.7,0.9,2.8,-2.2,4,SG,5.8,216,216,1956,1988,2515,194.0,2000,0
252,1192,19.7,0.534,0.486,0.379,0.403,5.5,11.6,8.7,2.6,2.2,10.6,22.5,3.0,2.0,4.4,2.2,4,SG,8.6,229,229,1981,2007,2642,215.0,2108,0
253,1120,20.1,0.568,0.529,0.426,0.351,2.3,10.1,17.7,1.6,0.4,12.7,27.2,3.1,1.5,5.3,1.5,3,SG,7.0,222,222,1867,1905,2438,212.0,2007,0
254,1128,25.7,0.54,0.495,0.404,0.295,5.5,24.3,12.6,1.3,4.2,5.7,26.3,4.2,1.4,7.8,1.6,4,SF,9.4,216,241,2013,2045,2591,218.0,2045,0
255,1212,25.6,0.621,0.574,0.559,0.308,3.9,15.1,11.5,2.7,0.1,7.6,23.6,5.2,1.5,8.7,1.3,4,SG,6.6,210,248,1886,1911,2400,188.2,1956,0
256,1235,21.5,0.586,0.569,0.368,0.323,7.1,20.0,9.6,2.4,3.2,13.8,21.3,3.0,2.1,3.7,2.3,3,SF,3.3,216,241,1949,1988,2629,202.6,2064,0
257,628,23.0,0.539,0.525,0.404,0.296,8.0,20.7,19.1,2.8,3.3,15.9,25.9,1.3,1.1,5.3,2.8,3,SG,6.4,218,234,1932,1965,2553,202.6,2056,0
258,1037,20.8,0.53,0.487,0.314,0.494,8.4,23.1,5.7,1.8,8.5,16.6,22.7,1.6,1.8,1.0,1.2,2,SG,5.7,216,254,1962,1988,2540,216.4,2083,0
259,606,16.6,0.535,0.513,0.513,0.143,7.6,17.9,5.7,1.6,5.8,10.4,15.6,1.2,1.1,3.5,3.2,1,PF,10.05,216,235,2051,2089,2769,232.0,2184,0
260,1058,24.8,0.536,0.461,0.367,0.546,6.2,28.8,21.6,2.9,2.6,17.9,29.9,2.5,2.8,4.2,4.3,3,SG,8.25,216,210,1930,1962,2629,190.8,2115,0
261,1252,26.0,0.574,0.514,0.484,0.474,2.2,10.3,40.7,2.5,0.0,16.4,29.5,5.3,1.6,8.5,2.0,2,PG,4.5,191,210,1765,1791,2286,176.0,1778,0
262,1166,31.6,0.592,0.53,0.285,0.485,1.4,11.6,27.0,2.1,0.6,9.3,32.4,6.2,0.3,10.1,1.3,4,PG,4.35,216,229,1867,1905,2489,178.2,1975,0
263,952,24.4,0.643,0.629,0.5,0.16,7.8,19.2,11.0,1.5,3.1,13.0,22.5,3.6,2.4,7.3,4.3,4,PF,7.95,222,248,2051,2070,2743,239.8,2096,0
264,912,28.9,0.604,0.539,0.051,0.586,8.2,21.4,10.2,1.3,3.2,9.0,26.0,4.2,1.4,7.8,2.1,2,SF,6.6,223,239,1983,2017,2631,215.5,2111,0
265,1033,27.4,0.602,0.596,0.0,0.723,13.3,28.2,9.9,1.2,2.9,14.3,23.8,3.9,1.8,6.4,1.5,1,C,9.6,235,241,2096,2134,2794,262.8,2184,0
266,1016,24.4,0.627,0.595,0.005,0.795,11.5,31.5,9.2,4.1,2.4,16.6,15.2,2.7,3.0,5.3,5.4,1,SF,6.6,223,239,1983,2017,2631,215.5,2111,0
267,1247,17.5,0.513,0.459,0.384,0.285,1.1,8.1,34.3,4.3,0.6,21.3,20.0,2.3,3.0,2.6,4.7,4,PG,6.05,203,248,1816,1854,2362,180.6,1905,0
268,878,27.2,0.674,0.639,0.0,0.657,14.1,23.7,2.6,1.3,6.4,14.2,18.5,3.4,1.6,5.7,2.7,1,PF,8.2,230,245,2043,2074,2720,233.3,2174,0
269,1309,24.2,0.551,0.506,0.358,0.29,5.8,15.0,8.6,0.9,1.0,7.3,29.1,4.8,2.0,7.9,1.1,3,SF,9.1,203,222,1956,2007,2642,219.8,2083,0
270,198,26.2,0.572,0.545,0.036,0.436,15.5,27.1,12.6,4.9,3.2,16.4,22.5,0.5,0.5,3.7,4.9,2,PF,8.2,230,245,2043,2074,2720,233.3,2174,0
271,1082,28.3,0.603,0.545,0.34,0.441,7.5,13.1,14.7,5.0,0.6,9.4,26.5,4.2,2.2,7.4,4.1,2,SG,10.8,216,191,1918,1949,2591,208.8,2083,0
272,804,27.1,0.586,0.551,0.61,0.306,8.4,12.5,11.2,3.0,1.7,8.4,27.0,3.4,1.2,10.1,2.3,2,SG,8.2,222,248,1937,1962,2565,228.8,2057,0
273,986,26.5,0.627,0.57,0.459,0.464,5.9,18.6,6.4,1.8,3.3,12.9,28.8,3.6,2.5,6.4,2.6,2,SF,4.45,216,229,1981,2013,2578,209.4,2102,0
274,1199,27.6,0.576,0.531,0.0,0.613,15.3,23.1,13.7,1.4,2.9,13.7,24.6,4.2,2.6,7.1,2.4,3,PF,8.2,248,267,2007,2045,2629,262.8,2165,0
275,1103,20.0,0.559,0.531,0.299,0.222,6.3,16.9,3.6,1.4,5.2,11.2,24.2,2.1,2.4,3.1,2.5,3,SF,3.85,235,267,2013,2045,2705,196.0,2184,0
276,1257,21.5,0.549,0.498,0.357,0.395,3.0,11.1,17.6,2.1,2.0,10.2,26.3,3.6,3.1,5.8,4.9,3,SG,6.05,222,248,1867,1905,2451,198.0,2013,0
277,1084,26.2,0.576,0.541,0.376,0.451,2.9,9.6,31.6,4.0,0.4,15.2,30.7,3.9,2.9,7.2,4.3,4,PG,3.5,210,216,1816,1848,2413,160.0,1918,0
278,1174,24.2,0.569,0.528,0.45,0.382,3.8,14.4,29.9,2.8,1.2,14.7,29.1,3.6,2.3,8.1,3.2,5,SG,10.75,229,235,1930,1962,2565,226.0,2108,0
279,1119,29.0,0.611,0.558,0.007,0.7,8.5,16.5,11.8,1.0,4.9,10.7,29.9,4.5,2.0,7.2,2.5,4,PF,8.7,222,229,2051,2076,2718,252.4,2153,0
280,909,22.7,0.569,0.536,0.288,0.349,8.5,12.8,7.0,1.0,10.9,13.8,26.2,1.9,2.0,3.0,1.7,4,PF,7.7,235,222,2140,2165,2769,231.2,2172,0
281,1200,19.1,0.544,0.501,0.117,0.56,1.5,7.4,25.3,2.3,0.8,14.3,26.9,2.6,1.3,3.7,1.5,2,PG,5.25,216,210,1867,1911,2515,186.0,1994,0
282,995,22.6,0.528,0.479,0.342,0.456,2.9,8.6,23.6,3.5,0.8,9.7,28.4,3.0,1.6,6.0,3.0,4,SG,6.4,218,234,1932,1965,2553,202.6,2056,0
283,1126,26.5,0.557,0.478,0.357,0.514,2.1,8.5,23.7,3.3,0.5,8.2,28.6,4.7,2.8,7.2,5.2,3,PG,6.4,210,229,1886,1918,2438,187.0,1930,0
284,1103,23.8,0.553,0.519,0.103,0.582,11.6,21.0,7.4,0.8,4.7,9.8,24.2,3.3,1.6,4.9,1.4,4,PF,5.25,222,248,2026,2057,2667,218.4,2146,0
285,1320,19.5,0.573,0.528,0.439,0.358,3.8,18.8,15.2,1.3,0.6,13.1,21.7,3.6,1.7,5.5,1.6,5,SF,6.1,216,229,1975,2013,2654,211.0,2108,0
286,1064,26.5,0.591,0.552,0.003,0.519,10.2,19.6,10.5,1.7,8.5,14.5,25.8,3.0,2.3,4.3,3.8,4,PF,9.6,235,229,2038,2076,2807,242.6,2267,0
287,1204,22.2,0.553,0.519,0.371,0.292,2.6,11.5,29.1,2.1,0.1,13.1,30.1,3.3,1.1,6.1,0.3,3,PG,4.3,203,222,1911,1937,2540,185.8,1981,0
288,1210,21.8,0.605,0.564,0.538,0.324,1.0,7.9,17.5,1.1,0.4,12.4,28.5,4.0,0.7,4.8,-3.5,4,PG,5.3,210,216,1873,1899,2477,177.4,2026,0
289,635,22.3,0.553,0.506,0.0,0.923,13.4,19.1,8.9,1.4,6.1,15.8,22.0,1.6,2.0,3.0,5.1,2,C,14.9,235,267,2108,2127,2845,264.6,2184,0
290,1070,29.3,0.633,0.553,0.18,0.726,7.7,18.5,10.2,2.6,1.7,8.5,23.5,5.0,2.2,8.6,3.6,4,PF,8.2,230,245,2043,2074,2720,233.3,2174,0
291,1182,26.9,0.643,0.6,0.606,0.359,2.0,9.6,13.9,1.8,0.4,10.0,27.5,5.7,0.4,6.9,-2.5,3,SG,9.2,197,222,1899,1930,2502,181.4,1968,0
292,1143,24.7,0.566,0.527,0.075,0.413,6.3,17.2,18.0,3.3,7.4,14.2,21.0,2.8,2.4,4.6,5.5,4,SF,6.6,223,239,1983,2017,2631,215.5,2111,0
293,929,20.8,0.582,0.558,0.072,0.572,13.5,23.4,2.4,1.2,6.4,20.1,21.3,1.4,1.5,1.6,0.8,4,C,7.7,232,250,2091,2125,2791,242.7,2213,0
294,1055,23.8,0.533,0.535,0.0,0.306,11.9,23.5,12.2,2.5,6.3,14.7,23.4,2.0,2.5,4.4,4.2,4,PF,5.8,229,222,1968,2000,2667,230.2,2108,0
295,1106,15.9,0.484,0.45,0.118,0.432,6.4,14.3,24.0,2.9,1.3,20.7,17.9,1.4,1.9,2.7,4.5,3,SF,4.1,203,222,1962,1988,2553,195.8,2083,0
296,1121,33.0,0.649,0.614,0.0,0.423,11.6,28.7,9.7,2.2,5.5,12.0,25.0,5.0,2.6,8.5,4.2,4,PF,7.5,229,210,2057,2096,2705,208.6,2146,0
297,1288,24.0,0.567,0.497,0.362,0.441,1.7,7.1,34.3,2.3,0.3,11.4,23.3,5.4,1.7,7.9,2.4,2,PG,5.2,191,191,1746,1778,2248,149.2,1880,0
298,762,26.4,0.62,0.62,0.005,0.253,13.7,25.8,12.9,1.9,9.6,20.8,20.5,1.8,2.3,4.1,6.3,2,C,8.55,229,203,2057,2083,2756,245.2,2203,0
299,807,26.7,0.61,0.568,0.0,0.456,12.4,14.5,4.2,1.3,7.1,12.9,26.7,2.6,1.5,3.8,2.0,1,C,12.85,216,197,2057,2089,2756,254.4,2203,0
300,680,17.6,0.519,0.488,0.079,0.472,8.8,26.5,6.4,1.1,7.5,17.1,21.9,0.5,1.6,-0.9,2.3,1,C,7.7,232,250,2091,2125,2791,242.7,2213,0
301,1098,20.5,0.511,0.458,0.434,0.383,1.8,9.8,33.0,2.1,4.5,16.4,31.6,2.1,2.1,6.0,2.9,2,PG,9.25,216,222,1911,1943,2540,210.0,2051,0
302,813,31.0,0.623,0.601,0.033,0.378,11.5,24.9,10.5,0.7,10.4,14.1,28.6,2.7,2.2,6.5,5.3,4,C,7.7,232,250,2091,2125,2791,242.7,2213,0
303,1403,20.9,0.574,0.554,0.477,0.328,3.2,8.8,26.3,3.1,1.1,15.7,24.8,3.6,2.1,5.3,3.1,3,SG,5.4,203,229,1968,2000,2565,204.6,2019,0
304,1198,24.8,0.567,0.51,0.296,0.465,8.4,16.7,8.0,1.4,3.1,9.3,29.6,3.8,2.0,6.3,1.9,2,PF,9.7,241,254,2013,2038,2667,229.2,2172,0
305,1041,29.1,0.634,0.602,0.163,0.677,13.1,31.3,7.4,1.3,3.6,14.9,26.1,3.8,2.7,3.7,0.6,4,PF,5.15,229,260,2019,2057,2629,224.4,2178,0
306,1286,28.7,0.572,0.502,0.35,0.461,2.2,9.8,50.0,2.9,0.5,13.9,31.3,6.2,1.4,7.5,0.8,3,PG,5.8,210,216,1734,1765,2248,177.2,1892,0
307,1075,17.4,0.537,0.503,0.588,0.263,1.6,7.1,18.6,2.1,1.5,9.5,19.4,2.9,1.3,5.1,2.8,4,PG,4.3,197,222,1842,1873,2464,163.8,1988,0
308,1147,20.0,0.492,0.444,0.345,0.243,3.5,27.1,29.2,2.0,1.5,15.6,25.1,1.8,3.0,4.0,4.0,2,SG,5.95,229,216,1988,2032,2629,197.0,2057,0
309,1232,15.9,0.506,0.484,0.38,0.233,2.1,11.9,25.1,2.3,0.8,16.0,21.8,1.9,1.9,2.7,2.8,4,PG,4.8,210,222,1911,1943,2502,194.0,1988,0
310,1227,20.3,0.599,0.55,0.389,0.364,7.7,19.2,10.8,1.7,4.7,13.6,18.0,3.1,1.7,4.8,2.2,2,PF,13.6,222,222,2038,2070,2731,215.0,2134,0
311,1165,19.7,0.58,0.539,0.535,0.29,2.9,13.1,14.3,2.3,1.5,13.7,22.2,2.9,1.9,5.0,3.2,4,SG,6.5,235,241,1943,1968,2591,206.2,2134,0
312,1012,21.7,0.541,0.497,0.064,0.599,10.7,25.7,10.9,1.3,3.3,14.3,23.8,2.1,2.5,3.0,3.4,2,PF,6.8,222,229,2051,2083,2769,219.6,2172,0
313,672,12.4,0.499,0.451,0.293,0.366,5.8,17.5,7.8,1.7,4.2,15.3,12.1,0.6,0.9,0.3,3.4,1,C,7.7,232,250,2091,2125,2791,242.7,2213,0
314,936,27.3,0.535,0.475,0.197,0.396,2.8,11.0,43.6,3.3,0.5,13.6,32.7,4.0,0.8,8.0,1.2,2,PG,9.1,203,197,1797,1816,2413,185.2,1968,0
315,1169,19.6,0.606,0.575,0.514,0.343,3.5,9.6,10.7,1.5,0.4,11.1,22.9,3.5,1.7,5.1,1.6,2,SG,4.7,216,235,1905,1943,2527,182.6,1962,0
316,377,17.1,0.564,0.564,0.0,0.426,13.2,19.9,2.3,0.7,8.8,16.5,18.4,0.6,0.7,-1.5,2.4,1,C,5.4,241,254,2045,2076,2807,252.2,2292,0
317,1019,28.7,0.594,0.528,0.342,0.415,8.5,23.3,14.8,1.3,1.2,11.2,30.8,4.2,1.9,7.5,0.4,4,PF,8.8,222,254,2013,2051,2667,232.0,2102,0
318,1248,25.2,0.594,0.533,0.258,0.4,2.2,15.7,25.6,2.9,0.2,13.1,24.6,4.5,3.6,5.7,5.1,1,PG,5.6,222,235,1867,1905,2515,190.2,2013,0
319,863,16.5,0.562,0.542,0.56,0.173,3.5,13.2,7.7,1.3,0.8,12.7,23.5,1.5,1.6,3.8,2.4,4,SG,6.4,218,234,1932,1965,2553,202.6,2056,0
320,1133,23.1,0.561,0.526,0.213,0.381,5.9,15.5,9.7,1.4,2.9,9.7,25.9,3.2,1.1,5.2,1.0,4,SF,5.7,222,260,1975,2000,2654,218.6,2083,0
321,53,20.0,0.438,0.383,0.333,0.3,9.4,32.5,4.6,3.4,2.0,8.0,36.5,0.0,0.1,4.6,4.1,1,SF,6.6,223,239,1983,2017,2631,215.5,2111,0
322,1051,23.0,0.618,0.588,0.144,0.458,9.6,11.1,12.6,2.3,4.8,10.8,18.3,3.3,2.2,6.1,4.7,1,SF,6.05,222,210,1899,1930,2540,198.6,2076,0
323,1107,20.5,0.543,0.507,0.43,0.302,5.2,12.0,20.0,2.6,3.7,12.7,22.5,2.8,3.1,4.7,5.2,3,SG,6.5,229,235,1937,1968,2604,199.6,2064,0
324,1125,20.6,0.588,0.573,0.446,0.208,9.9,23.1,4.3,1.3,5.5,9.8,18.3,2.9,2.2,4.7,2.8,1,PF,13.75,229,229,2032,2064,2731,253.8,2184,0
325,1032,22.4,0.631,0.61,0.283,0.366,3.9,14.6,17.9,3.6,2.2,16.9,22.2,2.4,1.6,4.1,2.8,3,SF,7.9,241,241,1943,1981,2667,198.2,2178,0
326,321,14.2,0.47,0.416,0.396,0.287,11.2,21.1,12.7,1.7,3.0,21.8,24.1,0.0,0.6,0.2,1.7,2,SF,8.1,222,235,2007,2038,2654,200.8,2108,0
327,1308,22.2,0.527,0.482,0.338,0.307,3.0,13.4,29.3,1.4,0.9,11.0,29.9,4.0,1.9,7.0,1.2,2,PG,6.5,216,248,1905,1943,2540,198.8,2038,0
328,1106,21.8,0.587,0.544,0.339,0.317,8.4,18.6,17.1,1.0,2.0,14.0,23.8,3.4,2.1,6.0,2.1,4,SF,6.6,223,239,1983,2017,2631,215.5,2111,0
329,1091,20.3,0.599,0.552,0.454,0.292,1.4,14.9,19.6,1.8,0.6,9.6,19.5,3.3,2.6,5.5,4.6,4,SG,8.45,216,254,1937,1981,2591,206.4,2026,0
330,995,25.6,0.568,0.55,0.056,0.338,13.2,20.9,9.6,3.1,6.3,13.5,22.9,2.4,2.4,4.1,4.1,3,PF,5.55,235,229,2057,2089,2769,215.4,2254,0
331,1064,23.7,0.553,0.517,0.417,0.257,8.0,19.9,15.2,2.1,2.2,12.8,31.0,2.6,2.0,5.1,0.4,4,PF,5.15,235,260,1994,2026,2718,211.6,2222,0
332,1096,20.3,0.577,0.552,0.335,0.174,9.1,25.8,7.8,1.1,2.8,8.6,17.7,2.8,1.7,4.5,1.3,4,PF,10.9,229,267,2121,2146,2781,254.0,2134,0
333,913,18.8,0.574,0.542,0.492,0.273,7.2,23.3,8.2,1.1,2.6,15.1,23.3,1.7,1.3,3.2,1.6,4,SF,7.25,229,260,1949,1981,2578,218.6,2121,0
